dataset,sites,links,p_emp,f_regional,pink_area,mean_pink,mean_cooccurrence_support
Quercus,22,133,0.14899514899514898,0.1608222490931076,0.07816574070691368,0.0977071758836421,5.796992481203008
Nahuel,8,163,0.1676706827309237,0.17377398720682302,0.06768404907975462,0.08460506134969327,3.1411042944785277
Salix_Galpar,341,939,0.3005422153369481,0.29640151515151514,0.07985212058401418,0.09981515073001772,5.878594249201278
Gottin_HP,32,108,0.20353477765108324,0.21951219512195122,0.10297154710613925,0.12871443388267406,6.574074074074074
Gottin_PP,32,781,0.1020911473051431,0.12132981202423489,0.12974016259720272,0.1621752032465034,7.505761843790013
Garraf_HP,25,89,0.3005671077504726,0.28434504792332266,0.049255426645031755,0.06156928330628969,2.438202247191011
Garraf_PP,40,325,0.2553846153846154,0.23985239852398524,0.06891823058612936,0.0861477882326617,4.166153846153846
Garraf_PP2,21,967,0.3415916513980722,0.2634159629528739,0.01739483732595413,0.021743546657442662,4.786970010341261
Olot,14,92,0.24141221374045801,0.2154566744730679,0.06980428991298558,0.08725536239123197,4.510869565217392
Montseny,18,707,0.1941916488222698,0.18454711563560428,0.09380157733660498,0.11725197167075621,3.9306930693069306
