dataset,removal,degree,probability,low,high
Salix_Galpar,0.0,1,1.0,1.0,1.0
Salix_Galpar,0.0,2,0.626984126984127,0.626984126984127,0.626984126984127
Salix_Galpar,0.0,3,0.46825396825396826,0.46825396825396826,0.46825396825396826
Salix_Galpar,0.0,4,0.3888888888888889,0.3888888888888889,0.3888888888888889
Salix_Galpar,0.0,5,0.3412698412698413,0.3412698412698413,0.3412698412698413
Salix_Galpar,0.0,6,0.30158730158730157,0.30158730158730157,0.30158730158730157
Salix_Galpar,0.0,7,0.2698412698412698,0.2698412698412698,0.2698412698412698
Salix_Galpar,0.0,8,0.2698412698412698,0.2698412698412698,0.2698412698412698
Salix_Galpar,0.0,9,0.2222222222222222,0.2222222222222222,0.2222222222222222
Salix_Galpar,0.0,10,0.21428571428571427,0.21428571428571427,0.21428571428571427
Salix_Galpar,0.0,11,0.18253968253968253,0.18253968253968253,0.18253968253968253
Salix_Galpar,0.0,12,0.16666666666666666,0.16666666666666666,0.16666666666666666
Salix_Galpar,0.0,13,0.16666666666666666,0.16666666666666666,0.16666666666666666
Salix_Galpar,0.0,14,0.15079365079365079,0.15079365079365079,0.15079365079365079
Salix_Galpar,0.0,15,0.15079365079365079,0.15079365079365079,0.15079365079365079
Salix_Galpar,0.0,16,0.14285714285714285,0.14285714285714285,0.14285714285714285
Salix_Galpar,0.0,17,0.12698412698412698,0.12698412698412698,0.12698412698412698
Salix_Galpar,0.0,18,0.11904761904761904,0.11904761904761904,0.11904761904761904
Salix_Galpar,0.0,19,0.1111111111111111,0.1111111111111111,0.1111111111111111
Salix_Galpar,0.0,20,0.09523809523809523,0.09523809523809523,0.09523809523809523
Salix_Galpar,0.0,21,0.09523809523809523,0.09523809523809523,0.09523809523809523
Salix_Galpar,0.0,22,0.09523809523809523,0.09523809523809523,0.09523809523809523
Salix_Galpar,0.0,23,0.09523809523809523,0.09523809523809523,0.09523809523809523
Salix_Galpar,0.0,24,0.09523809523809523,0.09523809523809523,0.09523809523809523
Salix_Galpar,0.0,25,0.0873015873015873,0.0873015873015873,0.0873015873015873
Salix_Galpar,0.0,26,0.07936507936507936,0.07936507936507936,0.07936507936507936
Salix_Galpar,0.0,27,0.07936507936507936,0.07936507936507936,0.07936507936507936
Salix_Galpar,0.0,28,0.06349206349206349,0.06349206349206349,0.06349206349206349
Salix_Galpar,0.0,29,0.06349206349206349,0.06349206349206349,0.06349206349206349
Salix_Galpar,0.0,30,0.06349206349206349,0.06349206349206349,0.06349206349206349
Salix_Galpar,0.0,31,0.06349206349206349,0.06349206349206349,0.06349206349206349
Salix_Galpar,0.0,32,0.05555555555555555,0.05555555555555555,0.05555555555555555
Salix_Galpar,0.0,33,0.05555555555555555,0.05555555555555555,0.05555555555555555
Salix_Galpar,0.0,34,0.047619047619047616,0.047619047619047616,0.047619047619047616
Salix_Galpar,0.0,35,0.047619047619047616,0.047619047619047616,0.047619047619047616
Salix_Galpar,0.0,36,0.047619047619047616,0.047619047619047616,0.047619047619047616
Salix_Galpar,0.0,37,0.03968253968253968,0.03968253968253968,0.03968253968253968
Salix_Galpar,0.0,38,0.03968253968253968,0.03968253968253968,0.03968253968253968
Salix_Galpar,0.0,39,0.03968253968253968,0.03968253968253968,0.03968253968253968
Salix_Galpar,0.0,40,0.03968253968253968,0.03968253968253968,0.03968253968253968
Salix_Galpar,0.0,41,0.03968253968253968,0.03968253968253968,0.03968253968253968
Salix_Galpar,0.0,42,0.03968253968253968,0.03968253968253968,0.03968253968253968
Salix_Galpar,0.0,43,0.03968253968253968,0.03968253968253968,0.03968253968253968
Salix_Galpar,0.0,44,0.031746031746031744,0.031746031746031744,0.031746031746031744
Salix_Galpar,0.0,45,0.031746031746031744,0.031746031746031744,0.031746031746031744
Salix_Galpar,0.0,46,0.031746031746031744,0.031746031746031744,0.031746031746031744
Salix_Galpar,0.0,47,0.031746031746031744,0.031746031746031744,0.031746031746031744
Salix_Galpar,0.0,48,0.031746031746031744,0.031746031746031744,0.031746031746031744
Salix_Galpar,0.0,49,0.031746031746031744,0.031746031746031744,0.031746031746031744
Salix_Galpar,0.0,50,0.023809523809523808,0.023809523809523808,0.023809523809523808
Salix_Galpar,0.0,51,0.023809523809523808,0.023809523809523808,0.023809523809523808
Salix_Galpar,0.0,52,0.023809523809523808,0.023809523809523808,0.023809523809523808
Salix_Galpar,0.0,53,0.023809523809523808,0.023809523809523808,0.023809523809523808
Salix_Galpar,0.0,54,0.023809523809523808,0.023809523809523808,0.023809523809523808
Salix_Galpar,0.0,55,0.015873015873015872,0.015873015873015872,0.015873015873015872
Salix_Galpar,0.0,56,0.007936507936507936,0.007936507936507936,0.007936507936507936
Salix_Galpar,0.0,57,0.007936507936507936,0.007936507936507936,0.007936507936507936
Salix_Galpar,0.0,58,0.007936507936507936,0.007936507936507936,0.007936507936507936
Salix_Galpar,0.0,59,0.007936507936507936,0.007936507936507936,0.007936507936507936
Salix_Galpar,0.0,60,0.007936507936507936,0.007936507936507936,0.007936507936507936
Salix_Galpar,0.0,61,0.007936507936507936,0.007936507936507936,0.007936507936507936
Salix_Galpar,0.0,62,0.007936507936507936,0.007936507936507936,0.007936507936507936
Salix_Galpar,0.0,63,0.007936507936507936,0.007936507936507936,0.007936507936507936
Salix_Galpar,0.0,64,0.007936507936507936,0.007936507936507936,0.007936507936507936
Salix_Galpar,0.0,65,0.007936507936507936,0.007936507936507936,0.007936507936507936
Salix_Galpar,0.0,66,0.007936507936507936,0.007936507936507936,0.007936507936507936
Salix_Galpar,0.0,67,0.007936507936507936,0.007936507936507936,0.007936507936507936
Salix_Galpar,0.0,68,0.007936507936507936,0.007936507936507936,0.007936507936507936
Salix_Galpar,0.0,69,0.007936507936507936,0.007936507936507936,0.007936507936507936
Salix_Galpar,0.0,70,0.007936507936507936,0.007936507936507936,0.007936507936507936
Salix_Galpar,0.0,71,0.007936507936507936,0.007936507936507936,0.007936507936507936
Salix_Galpar,0.0,72,0.007936507936507936,0.007936507936507936,0.007936507936507936
Salix_Galpar,0.0,73,0.007936507936507936,0.007936507936507936,0.007936507936507936
Salix_Galpar,0.0,74,0.007936507936507936,0.007936507936507936,0.007936507936507936
Salix_Galpar,0.0,75,0.007936507936507936,0.007936507936507936,0.007936507936507936
Salix_Galpar,0.0,76,0.007936507936507936,0.007936507936507936,0.007936507936507936
Salix_Galpar,0.0,77,0.007936507936507936,0.007936507936507936,0.007936507936507936
Salix_Galpar,0.0,78,0.007936507936507936,0.007936507936507936,0.007936507936507936
Salix_Galpar,0.0,79,0.007936507936507936,0.007936507936507936,0.007936507936507936
Salix_Galpar,0.0,80,0.007936507936507936,0.007936507936507936,0.007936507936507936
Salix_Galpar,0.4,1,1.0,1.0,1.0
Salix_Galpar,0.4,2,0.616822429906542,0.5550117924528302,0.6764705882352942
Salix_Galpar,0.4,3,0.4626135569531796,0.4170108695652174,0.518
Salix_Galpar,0.4,4,0.39215686274509803,0.3471325549450549,0.4351851851851852
Salix_Galpar,0.4,5,0.33962264150943394,0.3,0.3838383838383838
Salix_Galpar,0.4,6,0.29523809523809524,0.25925925925925924,0.3333333333333333
Salix_Galpar,0.4,7,0.2621359223300971,0.22522522522522523,0.2995103092783505
Salix_Galpar,0.4,8,0.23004424778761062,0.2,0.2666763218875079
Salix_Galpar,0.4,9,0.20754716981132076,0.18518518518518517,0.23711340206185566
Salix_Galpar,0.4,10,0.19298245614035087,0.17256269592476492,0.22055263157894733
Salix_Galpar,0.4,11,0.18181818181818182,0.16068116405500477,0.20833333333333334
Salix_Galpar,0.4,12,0.1717171717171717,0.15068041409250293,0.19694748711340201
Salix_Galpar,0.4,13,0.16176046176046177,0.13636363636363635,0.18408955815335842
Salix_Galpar,0.4,14,0.15,0.125,0.17587759462759464
Salix_Galpar,0.4,15,0.13592233009708737,0.1111111111111111,0.16161616161616163
Salix_Galpar,0.4,16,0.12380952380952381,0.10714285714285714,0.14763071895424834
Salix_Galpar,0.4,17,0.11650485436893204,0.10526315789473684,0.1356821399676375
Salix_Galpar,0.4,18,0.11428571428571428,0.10360279765777489,0.13131313131313133
Salix_Galpar,0.4,19,0.11272622256449749,0.10185185185185185,0.12631578947368421
Salix_Galpar,0.4,20,0.1111111111111111,0.09631410256410255,0.125
Salix_Galpar,0.4,21,0.10714285714285714,0.08796439628482972,0.12244897959183673
Salix_Galpar,0.4,22,0.0990990990990991,0.07912399323854032,0.11827956989247312
Salix_Galpar,0.4,23,0.09090909090909091,0.07272727272727272,0.1111111111111111
Salix_Galpar,0.4,24,0.08256880733944955,0.07074953070528292,0.10101010101010101
Salix_Galpar,0.4,25,0.0784313725490196,0.06697115384615385,0.09345794392523364
Salix_Galpar,0.4,26,0.07476635514018691,0.06363636363636363,0.08823529411764706
Salix_Galpar,0.4,27,0.07272727272727272,0.061946902654867256,0.08297018348623852
Salix_Galpar,0.4,28,0.06913622396722431,0.05555555555555555,0.0804242424242424
Salix_Galpar,0.4,29,0.06666666666666667,0.05319148936170213,0.07920792079207921
Salix_Galpar,0.4,30,0.06363636363636363,0.045871559633027525,0.07503014772384684
Salix_Galpar,0.4,31,0.056873315363881405,0.04317375886524823,0.07212083217237855
Salix_Galpar,0.4,32,0.05263157894736842,0.03790655884995508,0.06862745098039216
Salix_Galpar,0.4,33,0.04807692307692308,0.03636363636363636,0.061855670103092786
Salix_Galpar,0.4,34,0.046296296296296294,0.03436329588014981,0.05855225585379782
Salix_Galpar,0.4,35,0.04504504504504504,0.029261850371216445,0.052083333333333336
Salix_Galpar,0.4,36,0.040202020202020204,0.027522935779816515,0.05102040816326531
Salix_Galpar,0.4,37,0.0380952380952381,0.020618556701030927,0.04950495049504951
Salix_Galpar,0.4,38,0.03571428571428571,0.01904761904761905,0.04854368932038835
Salix_Galpar,0.4,39,0.02912621359223301,0.018261050875729774,0.04672897196261682
Salix_Galpar,0.4,40,0.027777777777777776,0.01818181818181818,0.043990755007704094
Salix_Galpar,0.4,41,0.026785714285714284,0.017857142857142856,0.0380952380952381
Salix_Galpar,0.4,42,0.020202020202020204,0.017774178255372947,0.034094202898550696
Salix_Galpar,0.4,43,0.0196078431372549,0.017543859649122806,0.030159090909090903
Salix_Galpar,0.4,44,0.019417475728155338,0.010254050073637703,0.02912621359223301
Salix_Galpar,0.4,45,0.01904761904761905,0.009520137880986938,0.02857142857142857
Salix_Galpar,0.4,46,0.018867924528301886,0.009259259259259259,0.027777777777777776
Salix_Galpar,0.4,47,0.018518518518518517,0.00909090909090909,0.026673119469026542
Salix_Galpar,0.4,48,0.01818181818181818,0.009009009009009009,0.021052631578947368
Salix_Galpar,0.4,49,0.01020408163265306,0.008928571428571428,0.02040816326530612
Salix_Galpar,0.4,50,0.009900990099009901,0.008928571428571428,0.02
Salix_Galpar,0.4,51,0.009708737864077669,0.008849557522123894,0.019801980198019802
Salix_Galpar,0.4,52,0.009615384615384616,0.008849557522123894,0.01904761904761905
Salix_Galpar,0.4,53,0.009523809523809525,0.008771929824561403,0.017857142857142856
Salix_Galpar,0.4,54,0.009523809523809525,0.008771929824561403,0.01069835277968428
Salix_Galpar,0.4,55,0.009523809523809525,0.008771929824561403,0.010526315789473684
Salix_Galpar,0.4,56,0.009523809523809525,0.008771929824561403,0.010526315789473684
Salix_Galpar,0.4,57,0.009523809523809525,0.008771929824561403,0.010526315789473684
Salix_Galpar,0.4,58,0.009523809523809525,0.008771929824561403,0.010526315789473684
Salix_Galpar,0.4,59,0.009523809523809525,0.008771929824561403,0.010526315789473684
Salix_Galpar,0.4,60,0.009523809523809525,0.008771929824561403,0.010526315789473684
Salix_Galpar,0.4,61,0.009523809523809525,0.008771929824561403,0.010526315789473684
Salix_Galpar,0.4,62,0.009523809523809525,0.008771929824561403,0.010526315789473684
Salix_Galpar,0.4,63,0.009523809523809525,0.008771929824561403,0.010526315789473684
Salix_Galpar,0.4,64,0.009523809523809525,0.008771929824561403,0.010526315789473684
Salix_Galpar,0.4,65,0.009523809523809525,0.008731884057971014,0.010526315789473684
Salix_Galpar,0.4,66,0.009478885893980233,0.008695652173913044,0.010526315789473684
Salix_Galpar,0.4,67,0.009433962264150943,0.008695652173913044,0.010526315789473684
Salix_Galpar,0.4,68,0.009433962264150943,0.008620689655172414,0.010526315789473684
Salix_Galpar,0.4,69,0.009433962264150943,0.0,0.010526315789473684
Salix_Galpar,0.4,70,0.009433962264150943,0.0,0.010526315789473684
Salix_Galpar,0.4,71,0.009345794392523364,0.0,0.010526315789473684
Salix_Galpar,0.4,72,0.009259259259259259,0.0,0.010416666666666666
Salix_Galpar,0.4,73,0.00909090909090909,0.0,0.010309278350515464
Salix_Galpar,0.4,74,0.0,0.0,0.01020408163265306
Salix_Galpar,0.4,75,0.0,0.0,0.010101010101010102
Salix_Galpar,0.4,76,0.0,0.0,0.009900990099009901
Salix_Galpar,0.4,77,0.0,0.0,0.009304690204222912
Salix_Galpar,0.4,78,0.0,0.0,0.0
Salix_Galpar,0.4,79,0.0,0.0,0.0
Salix_Galpar,0.4,80,0.0,0.0,0.0
Salix_Galpar,0.8,1,1.0,1.0,1.0
Salix_Galpar,0.8,2,0.5972222222222222,0.5063293172690763,0.6910494652406417
Salix_Galpar,0.8,3,0.4473684210526316,0.3670886075949367,0.5247773279352226
Salix_Galpar,0.8,4,0.36486486486486486,0.29804104477611937,0.43103448275862066
Salix_Galpar,0.8,5,0.30471628592483424,0.2464711137581894,0.3709677419354839
Salix_Galpar,0.8,6,0.2631578947368421,0.2112676056338028,0.33107142857142846
Salix_Galpar,0.8,7,0.23333333333333334,0.1875,0.2960485133020344
Salix_Galpar,0.8,8,0.2112676056338028,0.1642762216315682,0.2711864406779661
Salix_Galpar,0.8,9,0.19147864625302174,0.14838588588588586,0.24561403508771928
Salix_Galpar,0.8,10,0.1780821917808219,0.13768703898840884,0.2265762463343108
Salix_Galpar,0.8,11,0.16666666666666666,0.1232876712328767,0.20835650723025578
Salix_Galpar,0.8,12,0.15492957746478872,0.109375,0.19548611111111105
Salix_Galpar,0.8,13,0.14285714285714285,0.09854166666666667,0.1849145299145299
Salix_Galpar,0.8,14,0.1313632441760138,0.08333333333333333,0.1788512793176972
Salix_Galpar,0.8,15,0.11940298507462686,0.07296994884910486,0.16666666666666666
Salix_Galpar,0.8,16,0.109375,0.06297123015873016,0.15266596045197742
Salix_Galpar,0.8,17,0.0967741935483871,0.052155172413793104,0.136986301369863
Salix_Galpar,0.8,18,0.08571428571428572,0.04194542253521126,0.1276251526251526
Salix_Galpar,0.8,19,0.07692307692307693,0.033601694915254235,0.11594202898550725
Salix_Galpar,0.8,20,0.06666666666666667,0.03125,0.10420139561930605
Salix_Galpar,0.8,21,0.057971014492753624,0.027777777777777776,0.09700940860215053
Salix_Galpar,0.8,22,0.05,0.020656309448319594,0.08463237049415134
Salix_Galpar,0.8,23,0.04411764705882353,0.01625462718138551,0.07575757575757576
Salix_Galpar,0.8,24,0.039473684210526314,0.015625,0.0684931506849315
Salix_Galpar,0.8,25,0.03278688524590164,0.014593989769820973,0.05757763975155278
Salix_Galpar,0.8,26,0.030303030303030304,0.014084507042253521,0.052999999999999985
Salix_Galpar,0.8,27,0.02857142857142857,0.01378900304414003,0.045454545454545456
Salix_Galpar,0.8,28,0.02702702702702703,0.0136986301369863,0.04285714285714286
Salix_Galpar,0.8,29,0.025974025974025976,0.013333333333333334,0.04028378378378377
Salix_Galpar,0.8,30,0.017857142857142856,0.013157894736842105,0.03508771929824561
Salix_Galpar,0.8,31,0.016666666666666666,0.012987012987012988,0.03333333333333333
Salix_Galpar,0.8,32,0.015873015873015872,0.01282051282051282,0.03307377049180327
Salix_Galpar,0.8,33,0.015625,0.012735313209996754,0.031746031746031744
Salix_Galpar,0.8,34,0.015384615384615385,0.012735313209996754,0.03008819538670284
Salix_Galpar,0.8,35,0.015151515151515152,0.012575158227848101,0.029411764705882353
Salix_Galpar,0.8,36,0.014925373134328358,0.0125,0.02798317683881063
Salix_Galpar,0.8,37,0.014925373134328358,0.0125,0.0273972602739726
Salix_Galpar,0.8,38,0.014705882352941176,0.012418981481481482,0.025974025974025976
Salix_Galpar,0.8,39,0.014705882352941176,0.012345679012345678,0.018358585858585852
Salix_Galpar,0.8,40,0.014705882352941176,0.012345679012345678,0.017857142857142856
Salix_Galpar,0.8,41,0.014705882352941176,0.012195121951219513,0.017857142857142856
Salix_Galpar,0.8,42,0.014705882352941176,0.01197289156626506,0.017857142857142856
Salix_Galpar,0.8,43,0.014705882352941176,0.0,0.017857142857142856
Salix_Galpar,0.8,44,0.014492753623188406,0.0,0.017857142857142856
Salix_Galpar,0.8,45,0.014492753623188406,0.0,0.017708333333333326
Salix_Galpar,0.8,46,0.014389233954451346,0.0,0.017543859649122806
Salix_Galpar,0.8,47,0.014285714285714285,0.0,0.017543859649122806
Salix_Galpar,0.8,48,0.014084507042253521,0.0,0.017543859649122806
Salix_Galpar,0.8,49,0.013888888888888888,0.0,0.017543859649122806
Salix_Galpar,0.8,50,0.0136986301369863,0.0,0.017241379310344827
Salix_Galpar,0.8,51,0.013157894736842105,0.0,0.017241379310344827
Salix_Galpar,0.8,52,0.01282051282051282,0.0,0.017241379310344827
Salix_Galpar,0.8,53,0.0,0.0,0.01694915254237288
Salix_Galpar,0.8,54,0.0,0.0,0.016666666666666666
Salix_Galpar,0.8,55,0.0,0.0,0.016129032258064516
Salix_Galpar,0.8,56,0.0,0.0,0.015873015873015872
Salix_Galpar,0.8,57,0.0,0.0,0.01527389277389277
Salix_Galpar,0.8,58,0.0,0.0,0.015151515151515152
Salix_Galpar,0.8,59,0.0,0.0,0.014190140845070419
Salix_Galpar,0.8,60,0.0,0.0,0.013798515981735156
Salix_Galpar,0.8,61,0.0,0.0,0.013157894736842105
Salix_Galpar,0.8,62,0.0,0.0,0.0
Salix_Galpar,0.8,63,0.0,0.0,0.0
Salix_Galpar,0.8,64,0.0,0.0,0.0
Salix_Galpar,0.8,65,0.0,0.0,0.0
Salix_Galpar,0.8,66,0.0,0.0,0.0
Salix_Galpar,0.8,67,0.0,0.0,0.0
Salix_Galpar,0.8,68,0.0,0.0,0.0
Salix_Galpar,0.8,69,0.0,0.0,0.0
Salix_Galpar,0.8,70,0.0,0.0,0.0
Salix_Galpar,0.8,71,0.0,0.0,0.0
Salix_Galpar,0.8,72,0.0,0.0,0.0
Salix_Galpar,0.8,73,0.0,0.0,0.0
Salix_Galpar,0.8,74,0.0,0.0,0.0
Salix_Galpar,0.8,75,0.0,0.0,0.0
Salix_Galpar,0.8,76,0.0,0.0,0.0
Salix_Galpar,0.8,77,0.0,0.0,0.0
Salix_Galpar,0.8,78,0.0,0.0,0.0
Salix_Galpar,0.8,79,0.0,0.0,0.0
Salix_Galpar,0.8,80,0.0,0.0,0.0
