dataset,group,removal,links_lost,active_fraction
Quercus,Specialists,0.0,0.0,1.0
Quercus,Generalists,0.0,0.0,1.0
Quercus,Specialists,0.1,0.11955978260869517,0.968385869565217
Quercus,Generalists,0.1,0.36762857142857147,1.0
Quercus,Specialists,0.2,0.24924184782608583,0.9335570652173877
Quercus,Generalists,0.2,0.7534142857142853,0.9990999999999998
Quercus,Specialists,0.3,0.4556005434782607,0.8721168478260836
Quercus,Generalists,0.3,1.3968285714285709,0.9949999999999991
Quercus,Specialists,0.4,0.6049076086956515,0.8260597826086946
Quercus,Generalists,0.4,1.8747857142857154,0.9914999999999985
Quercus,Specialists,0.5,0.7600543478260875,0.7746168478260863
Quercus,Generalists,0.5,2.385828571428571,0.9874999999999979
Quercus,Specialists,0.6,0.9307798913043484,0.7138967391304352
Quercus,Generalists,0.6,2.9779142857142844,0.982899999999997
Quercus,Specialists,0.7,1.130048913043477,0.6372092391304358
Quercus,Generalists,0.7,3.6909285714285733,0.9746999999999958
Quercus,Specialists,0.8,1.481073369565216,0.47888315217391303
Quercus,Generalists,0.8,5.132928571428574,0.9482142857142803
Nahuel,Specialists,0.0,0.0,1.0
Nahuel,Generalists,0.0,0.0,1.0
Nahuel,Specialists,0.1,0.23344705882352873,0.9547346405228793
Nahuel,Generalists,0.1,0.9458999999999967,1.0
Nahuel,Specialists,0.2,0.48473856209150223,0.9052588235294127
Nahuel,Generalists,0.2,1.9931500000000038,1.0
Nahuel,Specialists,0.3,0.48473856209150223,0.9052588235294127
Nahuel,Generalists,0.3,1.9931500000000038,1.0
Nahuel,Specialists,0.4,0.7651921568627462,0.8478928104575146
Nahuel,Generalists,0.4,3.1839500000000003,1.0
Nahuel,Specialists,0.5,1.0689947712418304,0.7819124183006524
Nahuel,Generalists,0.5,4.588449999999991,1.0
Nahuel,Specialists,0.6,1.4289843137254907,0.6969895424836607
Nahuel,Generalists,0.6,6.196150000000001,0.9992
Nahuel,Specialists,0.7,1.8538091503267926,0.5817477124183004
Nahuel,Generalists,0.7,8.324950000000003,0.9815499999999989
Nahuel,Specialists,0.8,1.8538091503267926,0.5817477124183004
Nahuel,Generalists,0.8,8.324950000000003,0.9815499999999989
Salix_Galpar,Specialists,0.0,0.0,1.0
Salix_Galpar,Generalists,0.0,0.0,1.0
Salix_Galpar,Specialists,0.1,0.2842389610389614,0.9763961038961071
Salix_Galpar,Generalists,0.1,0.9812500000000003,1.0
Salix_Galpar,Specialists,0.2,0.5942220779220782,0.9477896103896098
Salix_Galpar,Generalists,0.2,2.096479166666667,0.9998333333333332
Salix_Galpar,Specialists,0.3,0.9205792207792205,0.9163792207792196
Salix_Galpar,Generalists,0.3,3.3367499999999986,0.9993333333333336
Salix_Galpar,Specialists,0.4,1.28824935064935,0.8785987012987019
Salix_Galpar,Generalists,0.4,4.768729166666667,0.9982083333333343
Salix_Galpar,Specialists,0.5,1.7100506493506493,0.8309766233766234
Salix_Galpar,Generalists,0.5,6.487937499999998,0.996666666666668
Salix_Galpar,Specialists,0.6,2.16735974025974,0.774542857142857
Salix_Galpar,Generalists,0.6,8.481249999999994,0.993125000000002
Salix_Galpar,Specialists,0.7,2.704107792207792,0.6983090909090917
Salix_Galpar,Generalists,0.7,11.001750000000001,0.9859166666666687
Salix_Galpar,Specialists,0.8,3.3496311688311704,0.5882324675324667
Salix_Galpar,Generalists,0.8,14.291104166666674,0.9642708333333331
Gottin_HP,Specialists,0.0,0.0,1.0
Gottin_HP,Generalists,0.0,0.0,1.0
Gottin_HP,Specialists,0.1,0.08979523809523825,0.9783809523809541
Gottin_HP,Generalists,0.1,0.4115714285714286,1.0
Gottin_HP,Specialists,0.2,0.19023333333333353,0.9529238095238101
Gottin_HP,Generalists,0.2,0.8558571428571431,1.0
Gottin_HP,Specialists,0.3,0.3345142857142861,0.9135857142857148
Gottin_HP,Generalists,0.3,1.4965714285714289,1.0
Gottin_HP,Specialists,0.4,0.45433333333333314,0.8761190476190482
Gottin_HP,Generalists,0.4,2.049714285714287,0.9998571428571429
Gottin_HP,Specialists,0.5,0.5948523809523807,0.8275238095238112
Gottin_HP,Generalists,0.5,2.695285714285714,0.9995714285714287
Gottin_HP,Specialists,0.6,0.7489571428571427,0.7691714285714292
Gottin_HP,Generalists,0.6,3.3707142857142878,0.9972857142857144
Gottin_HP,Specialists,0.7,0.9282904761904761,0.6899000000000001
Gottin_HP,Generalists,0.7,4.163571428571427,0.9904285714285719
Gottin_HP,Specialists,0.8,1.232161904761905,0.5314428571428571
Gottin_HP,Generalists,0.8,5.4582857142857115,0.949857142857143
Gottin_PP,Specialists,0.0,0.0,1.0
Gottin_PP,Generalists,0.0,0.0,1.0
Gottin_PP,Specialists,0.1,0.25208937381404173,0.9646438330170773
Gottin_PP,Generalists,0.1,1.2125178571428565,1.0
Gottin_PP,Specialists,0.2,0.5102253320683112,0.926471442125238
Gottin_PP,Generalists,0.2,2.50389285714286,1.0
Gottin_PP,Specialists,0.3,0.8826631878557875,0.8672886148007589
Gottin_PP,Generalists,0.3,4.472946428571431,0.99975
Gottin_PP,Specialists,0.4,1.1789256166982915,0.817068406072107
Gottin_PP,Generalists,0.4,6.075803571428575,0.9993125
Gottin_PP,Specialists,0.5,1.4966601518026568,0.7583443074003794
Gottin_PP,Generalists,0.5,7.914883928571435,0.9975
Gottin_PP,Specialists,0.6,1.830196299810248,0.6906440227703984
Gottin_PP,Generalists,0.6,9.926955357142873,0.996
Gottin_PP,Specialists,0.7,2.1875440227703975,0.6093403225806441
Gottin_PP,Generalists,0.7,12.253205357142866,0.9924375
Gottin_PP,Specialists,0.8,2.730480645161294,0.4642758064516127
Gottin_PP,Generalists,0.8,16.16045535714286,0.9749732142857145
Garraf_HP,Specialists,0.0,0.0,1.0
Garraf_HP,Generalists,0.0,0.0,1.0
Garraf_HP,Specialists,0.1,0.17281609195402298,0.9270623973727423
Garraf_HP,Generalists,0.1,0.47027777777777785,0.9998888888888889
Garraf_HP,Specialists,0.2,0.2950246305418718,0.8720361247947448
Garraf_HP,Generalists,0.2,0.8386111111111119,0.9993333333333335
Garraf_HP,Specialists,0.3,0.41466174055829247,0.8160426929392438
Garraf_HP,Generalists,0.3,1.1987222222222222,0.9980000000000002
Garraf_HP,Specialists,0.4,0.5934646962233171,0.7250919540229877
Garraf_HP,Generalists,0.4,1.777777777777778,0.9910000000000011
Garraf_HP,Specialists,0.5,0.7894006568144509,0.6180164203612474
Garraf_HP,Generalists,0.5,2.461111111111111,0.9763333333333359
Garraf_HP,Specialists,0.6,0.92157471264368,0.540149425287356
Garraf_HP,Generalists,0.6,2.9534444444444468,0.9568888888888921
Garraf_HP,Specialists,0.7,1.052126436781612,0.45751231527093555
Garraf_HP,Generalists,0.7,3.4883333333333315,0.9249444444444472
Garraf_HP,Specialists,0.8,1.2612758620689628,0.3120837438423647
Garraf_HP,Generalists,0.8,4.427833333333332,0.824944444444446
Garraf_PP,Specialists,0.0,0.0,1.0
Garraf_PP,Generalists,0.0,0.0,1.0
Garraf_PP,Specialists,0.1,0.1570461538461539,0.9321884615384619
Garraf_PP,Generalists,0.1,1.1336587301587302,1.0
Garraf_PP,Specialists,0.2,0.31829871794871833,0.8629538461538465
Garraf_PP,Generalists,0.2,2.382595238095236,0.9991269841269843
Garraf_PP,Specialists,0.3,0.4892692307692308,0.790253846153846
Garraf_PP,Generalists,0.3,3.7152936507936465,0.9969682539682545
Garraf_PP,Specialists,0.4,0.6632051282051286,0.7113602564102555
Garraf_PP,Generalists,0.4,5.195666666666665,0.9936111111111122
Garraf_PP,Specialists,0.5,0.8451269230769226,0.6266769230769232
Garraf_PP,Generalists,0.5,6.800126984126984,0.9825476190476218
Garraf_PP,Specialists,0.6,1.0366871794871788,0.5357717948717954
Garraf_PP,Generalists,0.6,8.52646031746031,0.9664365079365117
Garraf_PP,Specialists,0.7,1.2396410256410257,0.4346192307692306
Garraf_PP,Generalists,0.7,10.514539682539706,0.9316746031746065
Garraf_PP,Specialists,0.8,1.4400730769230774,0.3206474358974357
Garraf_PP,Generalists,0.8,12.714690476190464,0.8663095238095235
Garraf_PP2,Specialists,0.0,0.0,1.0
Garraf_PP2,Generalists,0.0,0.0,1.0
Garraf_PP2,Specialists,0.1,0.3427352845528459,0.9678614634146347
Garraf_PP2,Generalists,0.1,1.0925130718954248,0.9935294117647085
Garraf_PP2,Specialists,0.2,0.694019837398374,0.9343196747967476
Garraf_PP2,Generalists,0.2,2.264163398692811,0.9861764705882394
Garraf_PP2,Specialists,0.3,1.1047544715447157,0.8934504065040659
Garraf_PP2,Generalists,0.3,3.6179967320261426,0.9754705882352983
Garraf_PP2,Specialists,0.4,1.5351411382113833,0.8486972357723577
Garraf_PP2,Generalists,0.4,5.104013071895426,0.9640000000000044
Garraf_PP2,Specialists,0.5,2.29885918699187,0.768347317073171
Garraf_PP2,Generalists,0.5,7.704781045751636,0.9413006535947748
Garraf_PP2,Specialists,0.6,2.874386991869917,0.7035388617886181
Garraf_PP2,Generalists,0.6,9.750424836601308,0.9219215686274537
Garraf_PP2,Specialists,0.7,3.5139791869918695,0.625589918699187
Garraf_PP2,Generalists,0.7,12.308467320261437,0.8932581699346418
Garraf_PP2,Specialists,0.8,4.314083902439027,0.5203626016260163
Garraf_PP2,Generalists,0.8,15.835532679738577,0.842124183006536
Olot,Specialists,0.0,0.0,1.0
Olot,Generalists,0.0,0.0,1.0
Olot,Specialists,0.1,0.08220869565217369,0.9718028985507204
Olot,Generalists,0.1,0.2997999999999994,1.0
Olot,Specialists,0.2,0.2550202898550721,0.9108927536231863
Olot,Generalists,0.2,0.9398750000000003,0.997875
Olot,Specialists,0.3,0.34791884057971123,0.8803275362318825
Olot,Generalists,0.3,1.2770499999999985,0.9965
Olot,Specialists,0.4,0.5467710144927534,0.8052231884057978
Olot,Generalists,0.4,2.0561249999999975,0.989375
Olot,Specialists,0.5,0.6526724637681155,0.7639333333333335
Olot,Generalists,0.5,2.461825000000001,0.986125
Olot,Specialists,0.6,0.7754521739130437,0.7113652173913043
Olot,Generalists,0.6,2.9561500000000027,0.98075
Olot,Specialists,0.7,1.0483739130434797,0.5833391304347813
Olot,Generalists,0.7,4.1292,0.963075
Olot,Specialists,0.8,1.2203710144927542,0.4946086956521741
Olot,Generalists,0.8,4.880725000000004,0.9423249999999996
Montseny,Specialists,0.0,0.0,1.0
Montseny,Generalists,0.0,0.0,1.0
Montseny,Specialists,0.1,0.3672341958247574,0.9367078800352845
Montseny,Generalists,0.1,1.8338333333333336,0.9994166666666665
Montseny,Specialists,0.2,0.7405548368127013,0.8695099970596881
Montseny,Generalists,0.2,3.7817833333333333,0.9974166666666662
Montseny,Specialists,0.3,0.92548588650397,0.8346812702146422
Montseny,Generalists,0.3,4.835666666666669,0.9947499999999992
Montseny,Specialists,0.4,1.307472361070274,0.7611478976771533
Montseny,Generalists,0.4,7.101516666666671,0.9867999999999987
Montseny,Specialists,0.5,1.701047339017937,0.6770823287268459
Montseny,Generalists,0.5,9.569000000000003,0.9745666666666651
Montseny,Specialists,0.6,2.107459864745662,0.5835807115554245
Montseny,Generalists,0.6,12.242450000000018,0.9563166666666657
Montseny,Specialists,0.7,2.574819905910029,0.4650820346956779
Montseny,Generalists,0.7,15.44685000000001,0.9253666666666664
Montseny,Specialists,0.8,2.8045501323140236,0.3989122316965597
Montseny,Generalists,0.8,17.337733333333325,0.8976666666666658
