dataset,guild,group,n_species,minimum_degree,maximum_degree
Quercus,Consumer,Specialists,46,1,4
Quercus,Consumer,Generalists,10,5,8
Quercus,Resource,Specialists,16,1,5
Quercus,Resource,Generalists,7,6,20
Nahuel,Consumer,Specialists,85,1,4
Nahuel,Consumer,Generalists,4,5,10
Nahuel,Resource,Specialists,9,1,9
Nahuel,Resource,Generalists,5,11,50
Salix_Galpar,Consumer,Specialists,110,1,16
Salix_Galpar,Consumer,Generalists,16,17,80
Salix_Galpar,Resource,Specialists,70,1,13
Salix_Galpar,Resource,Generalists,24,14,30
Gottin_HP,Consumer,Specialists,14,1,5
Gottin_HP,Consumer,Generalists,7,6,24
Gottin_HP,Resource,Specialists,30,1,4
Gottin_HP,Resource,Generalists,7,5,8
Gottin_PP,Consumer,Specialists,124,1,12
Gottin_PP,Consumer,Generalists,14,15,42
Gottin_PP,Resource,Specialists,85,1,13
Gottin_PP,Resource,Generalists,16,14,45
Garraf_HP,Consumer,Specialists,29,1,3
Garraf_HP,Consumer,Generalists,9,4,9
Garraf_HP,Resource,Specialists,21,1,4
Garraf_HP,Resource,Generalists,6,5,14
Garraf_PP,Consumer,Specialists,156,1,4
Garraf_PP,Consumer,Generalists,14,5,11
Garraf_PP,Resource,Specialists,15,1,6
Garraf_PP,Resource,Generalists,9,7,79
Garraf_PP2,Consumer,Specialists,123,1,14
Garraf_PP2,Consumer,Generalists,18,15,31
Garraf_PP2,Resource,Specialists,25,1,23
Garraf_PP2,Resource,Generalists,17,24,70
Olot,Consumer,Specialists,15,1,4
Olot,Consumer,Generalists,5,5,20
Olot,Resource,Specialists,23,1,4
Olot,Resource,Generalists,8,5,9
Montseny,Consumer,Specialists,179,1,9
Montseny,Consumer,Generalists,15,10,27
Montseny,Resource,Specialists,38,1,14
Montseny,Resource,Generalists,12,16,111
