removal,species,regional,local_support,green,pink,grey
0.0,1.0,1.0,1.0,1.0,0.0,0.0
0.1,0.9645531410383394,0.9434563134534013,0.8999106386445096,0.9434563134534006,0.025314285506960122,0.031229401039639428
0.2,0.9251996131274733,0.8823574934371555,0.7966784201461621,0.8823574934371544,0.05133479657192441,0.06630770999092125
0.3,0.8902231397500591,0.8266819868869069,0.7078491598007728,0.8266819868869076,0.07456647440663028,0.09875153870646194
0.4,0.8391392667548196,0.7527215351540251,0.6006169413024252,0.7527215351540268,0.10025320330389101,0.14702526154208223
0.5,0.7816868170872395,0.6732097517596183,0.49547242005306524,0.6732097517596187,0.12309605139198174,0.20369419684839954
0.6,0.7199260754403618,0.5916354553904223,0.39938305869757484,0.5916354553904221,0.1427033404213178,0.2656612041882601
0.7,0.6388782939415576,0.49129479191266545,0.29615084019922727,0.49129479191266495,0.15869680071975986,0.35000840736757527
0.8,0.5445602407259429,0.3844888524714801,0.20332157985383786,0.38448885247148035,0.16324605911652995,0.45226508841198976
