dataset,removal,actual_removal,species,regional,local_support,green,pink,grey
Garraf_HP,0.0,0.0,1.0,1.0,1.0,1.0,0.0,0.0
Garraf_HP,0.1,0.12,0.9445685618729106,0.9135710796287249,0.88,0.913571079628725,0.025031753786028385,0.06139716658524669
Garraf_HP,0.2,0.2,0.9041222545570367,0.8533093514529753,0.8,0.8533093514529764,0.040548411041815904,0.10614223750520767
Garraf_HP,0.3,0.28,0.8603307676305384,0.7906847925427098,0.72,0.7906847925427104,0.0547665974012618,0.1545486100560278
Garraf_HP,0.4,0.4,0.787001172874777,0.6917567545456893,0.6,0.6917567545456886,0.0726999868417269,0.23554325861258446
Garraf_HP,0.5,0.52,0.7018708151452795,0.5857272149597239,0.48,0.5857272149597244,0.08487465178651121,0.32939813325376444
Garraf_HP,0.6,0.6,0.6364073556003823,0.5100929211929442,0.4,0.5100929211929446,0.0886480919610656,0.4012589868459899
Garraf_HP,0.7,0.68,0.5615980114469816,0.42932860863799616,0.31999999999999995,0.42932860863799616,0.08796291924464072,0.4827084721173631
Garraf_HP,0.8,0.8,0.42380025771330104,0.29484431868408384,0.19999999999999996,0.2948443186840851,0.07604370877453404,0.6291119725413808
Garraf_PP,0.0,0.0,1.0,1.0,1.0,1.0,0.0,0.0
Garraf_PP,0.1,0.1,0.9444482296896863,0.9348671374582294,0.9,0.9348671374582305,0.023286035334618573,0.04184682720715097
Garraf_PP,0.2,0.2,0.8860495450262791,0.8656718677352215,0.8,0.8656718677352158,0.04686063270297677,0.08746749956180741
Garraf_PP,0.3,0.3,0.8239584000456179,0.7919268685390791,0.7,0.7919268685390836,0.07020704960829074,0.13786608185262567
Garraf_PP,0.4,0.4,0.7570763316036662,0.7129484891557405,0.6,0.7129484891557436,0.09266701970784572,0.19438449113641074
Garraf_PP,0.5,0.5,0.6839423862281081,0.627782156919705,0.5,0.6277821569197051,0.11330076601123207,0.25891707706906286
Garraf_PP,0.6,0.6,0.6025113254221861,0.5350758066573462,0.4,0.5350758066573453,0.13059478088486948,0.3343294124577852
Garraf_PP,0.7,0.7,0.5095871229075754,0.43283180111111674,0.30000000000000004,0.4328318011111183,0.1417764189199036,0.4253917799689781
Garraf_PP,0.8,0.8,0.3990929441377893,0.31778632952245905,0.19999999999999996,0.3177863295224541,0.14097920538311315,0.5412344650944327
Garraf_PP2,0.0,0.0,1.0,1.0,1.0,1.0,0.0,0.0
Garraf_PP2,0.1,0.09523809523809523,0.975461878740566,0.9617422563648058,0.9047619047619048,0.9617422563648004,0.005805879745900425,0.03245186388929919
Garraf_PP2,0.2,0.19047619047619047,0.9482586247038345,0.9203207950935688,0.8095238095238095,0.9203207950935597,0.011568908482858242,0.06811029642358205
Garraf_PP2,0.3,0.2857142857142857,0.9177538429809654,0.8751485898882386,0.7142857142857143,0.8751485898882485,0.017223772979501728,0.10762763713224971
Garraf_PP2,0.4,0.38095238095238093,0.8831024845946426,0.8253537152083847,0.6190476190476191,0.8253537152083936,0.02265524000198607,0.15199104478962033
Garraf_PP2,0.5,0.5238095238095238,0.8205658980921648,0.7389705552514784,0.47619047619047616,0.7389705552514809,0.029926124580684582,0.23110332016783444
Garraf_PP2,0.6,0.6190476190476191,0.768661796997584,0.670263158148843,0.38095238095238093,0.6702631581488376,0.033665637012618654,0.29607120483854366
Garraf_PP2,0.7,0.7142857142857143,0.7035376129168968,0.5877373645806279,0.2857142857142857,0.5877373645806202,0.03575445853516945,0.37650817688421034
Garraf_PP2,0.8,0.8095238095238095,0.6151407663055634,0.4820111291672844,0.19047619047619047,0.48201112916728406,0.034696703841644305,0.48329216699107164
Gottin_HP,0.0,0.0,1.0,1.0,1.0,1.0,0.0,0.0
Gottin_HP,0.1,0.09375,0.9846009454949942,0.9529121863799282,0.90625,0.9529121863799284,0.032166591995221025,0.014921221624850664
Gottin_HP,0.2,0.1875,0.9663281565359063,0.9022938643041226,0.8125,0.9022938643041226,0.06435515832144803,0.03335097737442936
Gottin_HP,0.3,0.3125,0.9360667833384583,0.8281277564393059,0.6875,0.8281277564393064,0.10683181967857168,0.06504042388212199
Gottin_HP,0.4,0.40625,0.9073002821050944,0.7662181020931337,0.59375,0.7662181020931333,0.13785026798769928,0.09593162991916743
Gottin_HP,0.5,0.5,0.8711524986785417,0.6973474480768795,0.5,0.6973474480768795,0.16742055803020758,0.13523199389291282
Gottin_HP,0.6,0.59375,0.824411100851529,0.6194553296988222,0.40625,0.6194553296988219,0.1942344002836438,0.18631027001753436
Gottin_HP,0.7,0.6875,0.7615228039911758,0.5295576833343733,0.3125,0.5295576833343737,0.2154865585714174,0.2549557580942089
Gottin_HP,0.8,0.8125,0.6323131148883421,0.3827767224867398,0.1875,0.38277672248673966,0.2227402323863672,0.39448304512689314
Gottin_PP,0.0,0.0,1.0,1.0,1.0,1.0,0.0,0.0
Gottin_PP,0.1,0.09375,0.9695766972600898,0.9442642290694293,0.90625,0.9442642290694312,0.03903520094172083,0.01670056998884801
Gottin_PP,0.2,0.1875,0.935862567257399,0.885292055927661,0.8125,0.8852920559276604,0.07842263042191772,0.03628531365042194
Gottin_PP,0.3,0.3125,0.884682268617862,0.8006942151225777,0.6875,0.8006942151225753,0.1311426398237835,0.06816314505364113
Gottin_PP,0.4,0.40625,0.840417272287154,0.7318009273286001,0.59375,0.7318009273286025,0.17038022502494,0.09781884764645753
Gottin_PP,0.5,0.5,0.7895612804900488,0.6570658583719381,0.5,0.6570658583719391,0.20864839047884304,0.1342857511492178
Gottin_PP,0.6,0.59375,0.7299445029765167,0.5749422290770779,0.40625,0.5749422290770803,0.24471212223461045,0.1803456486883093
Gottin_PP,0.7,0.6875,0.6580356469682964,0.483083263923683,0.3125,0.4830832639236823,0.2760038123875307,0.24091292368878703
Gottin_PP,0.8,0.8125,0.5304057918803613,0.3381141248000348,0.1875,0.3381141248000372,0.29811320931736185,0.36377266588260093
Montseny,0.0,0.0,1.0,1.0,1.0,1.0,0.0,0.0
Montseny,0.1,0.1111111111111111,0.9498017786349494,0.9246193526915839,0.8888888888888888,0.9246193526915708,0.03687679692339078,0.03850385038503839
Montseny,0.2,0.2222222222222222,0.8952319725704466,0.845372604487343,0.7777777777777778,0.8453726044873376,0.07272790304240706,0.08189949247025527
Montseny,0.3,0.2777777777777778,0.8660680802375612,0.8040716286514605,0.7222222222222222,0.8040716286514622,0.09011541910493374,0.10581295224360403
Montseny,0.4,0.3888888888888889,0.8032503564687771,0.7175189763643365,0.6111111111111112,0.7175189763643481,0.12329090051862157,0.15919012311703024
Montseny,0.5,0.5,0.7329033791666376,0.624600181414391,0.5,0.6246001814143917,0.15314350762807405,0.2222563109575343
Montseny,0.6,0.6111111111111112,0.651922020910087,0.5233457815723469,0.38888888888888884,0.5233457815723431,0.17715700141442375,0.2994972170132331
Montseny,0.7,0.7222222222222222,0.5541755636680871,0.410377022095964,0.2777777777777778,0.41037702209596405,0.19014239359110208,0.3994805843129339
Montseny,0.8,0.7777777777777778,0.4951891138969276,0.347686995590319,0.2222222222222222,0.3476869955903187,0.18912370228619318,0.46318930212348813
Nahuel,0.0,0.0,1.0,1.0,1.0,1.0,0.0,0.0
Nahuel,0.1,0.125,0.9453883495145631,0.9309815950920245,0.875,0.9309815950920245,0.026073619631901843,0.04294478527607362
Nahuel,0.2,0.25,0.8855755894590845,0.8551709027169144,0.75,0.855170902716915,0.05302366345311131,0.09180543382997373
Nahuel,0.3,0.25,0.8855755894590845,0.8551709027169144,0.75,0.855170902716915,0.05302366345311131,0.09180543382997373
Nahuel,0.4,0.375,0.8188280166435505,0.7709246275197192,0.625,0.7709246275197195,0.08030236634531121,0.1487730061349693
Nahuel,0.5,0.5,0.7424410540915398,0.6755477651183177,0.5,0.6755477651183173,0.1072743207712532,0.21717791411042958
Nahuel,0.6,0.625,0.651352288488211,0.5646362839614375,0.375,0.5646362839614374,0.13234005258545134,0.3030236634531112
Nahuel,0.7,0.75,0.5353675450762833,0.430324276950044,0.25,0.43032427695004394,0.1498685363716039,0.41980718667835215
Nahuel,0.8,0.75,0.5353675450762833,0.430324276950044,0.25,0.43032427695004394,0.1498685363716039,0.41980718667835215
Olot,0.0,0.0,1.0,1.0,1.0,1.0,0.0,0.0
Olot,0.1,0.07142857142857142,0.9775910364145664,0.964285714285715,0.9285714285714286,0.9642857142857143,0.016304347826086987,0.019409937888198753
Olot,0.2,0.21428571428571427,0.9279788838612362,0.8878702818920216,0.7857142857142857,0.8878702818920211,0.04831581462016238,0.06381390348781654
Olot,0.3,0.2857142857142857,0.9001586648645474,0.8464796073491716,0.7142857142857143,0.8464796073491725,0.06419667289232522,0.08932371975850234
Olot,0.4,0.42857142857142855,0.8362813656931297,0.7552157986940584,0.5714285714285714,0.7552157986940597,0.09572311746224768,0.14906108384369254
Olot,0.5,0.5,0.7989510489510488,0.7041685669403058,0.5,0.7041685669403062,0.11125468734164384,0.18457674571805005
Olot,0.6,0.5714285714285714,0.7568118156353454,0.6483697461958341,0.4285714285714286,0.6483697461958329,0.1264677351633876,0.22516251864077957
Olot,0.7,0.7142857142857143,0.651446592623063,0.5162337662337658,0.2857142857142857,0.5162337662337659,0.15413933892194787,0.32962689484428626
Olot,0.8,0.7857142857142857,0.5810170221934929,0.4338270425226951,0.2142857142857143,0.4338270425226951,0.16328236980410843,0.40289058767319647
Quercus,0.0,0.0,1.0,1.0,1.0,1.0,0.0,0.0
Quercus,0.1,0.09090909090909091,0.9763274699983557,0.9543664355694417,0.9090909090909091,0.9543664355694431,0.022588939882172962,0.023044624548383935
Quercus,0.2,0.18181818181818182,0.9497581698780899,0.9063722189958822,0.8181818181818181,0.9063722189958835,0.045340966908042464,0.048286814096074056
Quercus,0.3,0.3181818181818182,0.9031885011893438,0.8286034887387353,0.6818181818181819,0.8286034887387341,0.0797455219811418,0.09165098928012406
Quercus,0.4,0.4090909090909091,0.8665854034666987,0.7717741742882012,0.5909090909090908,0.7717741742881992,0.1026545546448247,0.1255712710669762
Quercus,0.5,0.5,0.8242602683465636,0.7096675341775319,0.5,0.709667534177532,0.12519640287395592,0.165136062948512
Quercus,0.6,0.5909090909090909,0.7743456743123629,0.6404592811690268,0.40909090909090906,0.6404592811690273,0.1468641498402438,0.21267656899072887
Quercus,0.7,0.6818181818181818,0.7134547704976244,0.5608643230649092,0.31818181818181823,0.5608643230649101,0.1666900769373471,0.2724455999977428
Quercus,0.8,0.8181818181818182,0.583415385414053,0.4058875829354649,0.18181818181818177,0.4058875829354661,0.18515358800281578,0.4089588290617181
Salix_Galpar,0.0,0.0,1.0,1.0,1.0,1.0,0.0,0.0
Salix_Galpar,0.1,0.09970674486803519,0.9777664627627116,0.9529531479941306,0.9002932551319648,0.9529531479941364,0.02597368900255944,0.021073163003304085
Salix_Galpar,0.2,0.19941348973607037,0.9528303674254202,0.9019009917658433,0.8005865102639296,0.9019009917658513,0.052183876724504294,0.04591513150964441
Salix_Galpar,0.3,0.2991202346041056,0.9244484991366124,0.8459120188808769,0.7008797653958945,0.8459120188808696,0.07841158714338128,0.0756763939757491
Salix_Galpar,0.4,0.39882697947214074,0.8915499818107053,0.7837037863423879,0.6011730205278593,0.7837037863423795,0.1043083545037068,0.1119878591539137
Salix_Galpar,0.5,0.501466275659824,0.8512195416824629,0.7112202363659108,0.49853372434017595,0.7112202363659108,0.12992110441741192,0.15885865921667727
Salix_Galpar,0.6,0.6011730205278593,0.8028928732094138,0.6297140162305449,0.39882697947214074,0.6297140162305501,0.15234943283286367,0.2179365509365862
Salix_Galpar,0.7,0.7008797653958945,0.7400572693195919,0.5326098091941751,0.29912023460410553,0.5326098091941749,0.1691434937169356,0.2982466970888895
Salix_Galpar,0.8,0.8005865102639296,0.6498604657533158,0.41163000205567657,0.19941348973607043,0.41163000205567934,0.1724593349975576,0.41591066294676304
