dataset,removal,actual_removal,species,regional,local_support
Quercus,0.0,0.0,1.0,1.0,1.0
Quercus,0.1,0.09090909090909091,0.9763274699983557,0.9543664355694417,0.9090909090909091
Quercus,0.2,0.18181818181818182,0.9497581698780899,0.9063722189958822,0.8181818181818181
Quercus,0.3,0.3181818181818182,0.9031885011893438,0.8286034887387353,0.6818181818181819
Quercus,0.4,0.4090909090909091,0.8665854034666987,0.7717741742882012,0.5909090909090908
Quercus,0.5,0.5,0.8242602683465636,0.7096675341775319,0.5
Quercus,0.6,0.5909090909090909,0.7743456743123629,0.6404592811690268,0.40909090909090906
Quercus,0.7,0.6818181818181818,0.7134547704976244,0.5608643230649092,0.31818181818181823
Quercus,0.8,0.8181818181818182,0.583415385414053,0.4058875829354649,0.18181818181818177
Nahuel,0.0,0.0,1.0,1.0,1.0
Nahuel,0.1,0.125,0.9453883495145631,0.9309815950920245,0.875
Nahuel,0.2,0.25,0.8855755894590845,0.8551709027169144,0.75
Nahuel,0.3,0.25,0.8855755894590845,0.8551709027169144,0.75
Nahuel,0.4,0.375,0.8188280166435505,0.7709246275197192,0.625
Nahuel,0.5,0.5,0.7424410540915398,0.6755477651183177,0.5
Nahuel,0.6,0.625,0.651352288488211,0.5646362839614375,0.375
Nahuel,0.7,0.75,0.5353675450762833,0.430324276950044,0.25
Nahuel,0.8,0.75,0.5353675450762833,0.430324276950044,0.25
Salix_Galpar,0.0,0.0,1.0,1.0,1.0
Salix_Galpar,0.1,0.09970674486803519,0.9777664627627116,0.9529531479941306,0.9002932551319648
Salix_Galpar,0.2,0.19941348973607037,0.9528303674254202,0.9019009917658433,0.8005865102639296
Salix_Galpar,0.3,0.2991202346041056,0.9244484991366124,0.8459120188808769,0.7008797653958945
Salix_Galpar,0.4,0.39882697947214074,0.8915499818107053,0.7837037863423879,0.6011730205278593
Salix_Galpar,0.5,0.501466275659824,0.8512195416824629,0.7112202363659108,0.49853372434017595
Salix_Galpar,0.6,0.6011730205278593,0.8028928732094138,0.6297140162305449,0.39882697947214074
Salix_Galpar,0.7,0.7008797653958945,0.7400572693195919,0.5326098091941751,0.29912023460410553
Salix_Galpar,0.8,0.8005865102639296,0.6498604657533158,0.41163000205567657,0.19941348973607043
Gottin_HP,0.0,0.0,1.0,1.0,1.0
Gottin_HP,0.1,0.09375,0.9846009454949942,0.9529121863799282,0.90625
Gottin_HP,0.2,0.1875,0.9663281565359063,0.9022938643041226,0.8125
Gottin_HP,0.3,0.3125,0.9360667833384583,0.8281277564393059,0.6875
Gottin_HP,0.4,0.40625,0.9073002821050944,0.7662181020931337,0.59375
Gottin_HP,0.5,0.5,0.8711524986785417,0.6973474480768795,0.5
Gottin_HP,0.6,0.59375,0.824411100851529,0.6194553296988222,0.40625
Gottin_HP,0.7,0.6875,0.7615228039911758,0.5295576833343733,0.3125
Gottin_HP,0.8,0.8125,0.6323131148883421,0.3827767224867398,0.1875
Gottin_PP,0.0,0.0,1.0,1.0,1.0
Gottin_PP,0.1,0.09375,0.9695766972600898,0.9442642290694293,0.90625
Gottin_PP,0.2,0.1875,0.935862567257399,0.885292055927661,0.8125
Gottin_PP,0.3,0.3125,0.884682268617862,0.8006942151225777,0.6875
Gottin_PP,0.4,0.40625,0.840417272287154,0.7318009273286001,0.59375
Gottin_PP,0.5,0.5,0.7895612804900488,0.6570658583719381,0.5
Gottin_PP,0.6,0.59375,0.7299445029765167,0.5749422290770779,0.40625
Gottin_PP,0.7,0.6875,0.6580356469682964,0.483083263923683,0.3125
Gottin_PP,0.8,0.8125,0.5304057918803613,0.3381141248000348,0.1875
Garraf_HP,0.0,0.0,1.0,1.0,1.0
Garraf_HP,0.1,0.12,0.9445685618729106,0.9135710796287249,0.88
Garraf_HP,0.2,0.2,0.9041222545570367,0.8533093514529753,0.8
Garraf_HP,0.3,0.28,0.8603307676305384,0.7906847925427098,0.72
Garraf_HP,0.4,0.4,0.787001172874777,0.6917567545456893,0.6
Garraf_HP,0.5,0.52,0.7018708151452795,0.5857272149597239,0.48
Garraf_HP,0.6,0.6,0.6364073556003823,0.5100929211929442,0.4
Garraf_HP,0.7,0.68,0.5615980114469816,0.42932860863799616,0.31999999999999995
Garraf_HP,0.8,0.8,0.42380025771330104,0.29484431868408384,0.19999999999999996
Garraf_PP,0.0,0.0,1.0,1.0,1.0
Garraf_PP,0.1,0.1,0.9444482296896863,0.9348671374582294,0.9
Garraf_PP,0.2,0.2,0.8860495450262791,0.8656718677352215,0.8
Garraf_PP,0.3,0.3,0.8239584000456179,0.7919268685390791,0.7
Garraf_PP,0.4,0.4,0.7570763316036662,0.7129484891557405,0.6
Garraf_PP,0.5,0.5,0.6839423862281081,0.627782156919705,0.5
Garraf_PP,0.6,0.6,0.6025113254221861,0.5350758066573462,0.4
Garraf_PP,0.7,0.7,0.5095871229075754,0.43283180111111674,0.30000000000000004
Garraf_PP,0.8,0.8,0.3990929441377893,0.31778632952245905,0.19999999999999996
Garraf_PP2,0.0,0.0,1.0,1.0,1.0
Garraf_PP2,0.1,0.09523809523809523,0.975461878740566,0.9617422563648058,0.9047619047619048
Garraf_PP2,0.2,0.19047619047619047,0.9482586247038345,0.9203207950935688,0.8095238095238095
Garraf_PP2,0.3,0.2857142857142857,0.9177538429809654,0.8751485898882386,0.7142857142857143
Garraf_PP2,0.4,0.38095238095238093,0.8831024845946426,0.8253537152083847,0.6190476190476191
Garraf_PP2,0.5,0.5238095238095238,0.8205658980921648,0.7389705552514784,0.47619047619047616
Garraf_PP2,0.6,0.6190476190476191,0.768661796997584,0.670263158148843,0.38095238095238093
Garraf_PP2,0.7,0.7142857142857143,0.7035376129168968,0.5877373645806279,0.2857142857142857
Garraf_PP2,0.8,0.8095238095238095,0.6151407663055634,0.4820111291672844,0.19047619047619047
Olot,0.0,0.0,1.0,1.0,1.0
Olot,0.1,0.07142857142857142,0.9775910364145664,0.964285714285715,0.9285714285714286
Olot,0.2,0.21428571428571427,0.9279788838612362,0.8878702818920216,0.7857142857142857
Olot,0.3,0.2857142857142857,0.9001586648645474,0.8464796073491716,0.7142857142857143
Olot,0.4,0.42857142857142855,0.8362813656931297,0.7552157986940584,0.5714285714285714
Olot,0.5,0.5,0.7989510489510488,0.7041685669403058,0.5
Olot,0.6,0.5714285714285714,0.7568118156353454,0.6483697461958341,0.4285714285714286
Olot,0.7,0.7142857142857143,0.651446592623063,0.5162337662337658,0.2857142857142857
Olot,0.8,0.7857142857142857,0.5810170221934929,0.4338270425226951,0.2142857142857143
Montseny,0.0,0.0,1.0,1.0,1.0
Montseny,0.1,0.1111111111111111,0.9498017786349494,0.9246193526915839,0.8888888888888888
Montseny,0.2,0.2222222222222222,0.8952319725704466,0.845372604487343,0.7777777777777778
Montseny,0.3,0.2777777777777778,0.8660680802375612,0.8040716286514605,0.7222222222222222
Montseny,0.4,0.3888888888888889,0.8032503564687771,0.7175189763643365,0.6111111111111112
Montseny,0.5,0.5,0.7329033791666376,0.624600181414391,0.5
Montseny,0.6,0.6111111111111112,0.651922020910087,0.5233457815723469,0.38888888888888884
Montseny,0.7,0.7222222222222222,0.5541755636680871,0.410377022095964,0.2777777777777778
Montseny,0.8,0.7777777777777778,0.4951891138969276,0.347686995590319,0.2222222222222222
