dataset,guild,group,support
Quercus,Consumer,Specialists,2.8405797101449273
Quercus,Consumer,Generalists,3.5859523809523806
Quercus,Resource,Specialists,1.965625
Quercus,Resource,Generalists,4.139335664335664
Nahuel,Consumer,Specialists,1.6833333333333331
Nahuel,Consumer,Generalists,2.8654761904761905
Nahuel,Resource,Specialists,1.8055555555555556
Nahuel,Resource,Generalists,2.0926734006734007
Salix_Galpar,Consumer,Specialists,1.4652013138376774
Salix_Galpar,Consumer,Generalists,3.9936924634668305
Salix_Galpar,Resource,Specialists,2.5741898577612865
Salix_Galpar,Resource,Generalists,3.6218533698602964
Gottin_HP,Consumer,Specialists,3.769047619047619
Gottin_HP,Consumer,Generalists,3.1717032967032965
Gottin_HP,Resource,Specialists,2.355555555555555
Gottin_HP,Resource,Generalists,4.5180272108843536
Gottin_PP,Consumer,Specialists,1.5638004468649631
Gottin_PP,Consumer,Generalists,3.0528825135219875
Gottin_PP,Resource,Specialists,1.4774442877384053
Gottin_PP,Resource,Generalists,2.8150302748374867
Garraf_HP,Consumer,Specialists,1.413793103448276
Garraf_HP,Consumer,Generalists,2.072222222222222
Garraf_HP,Resource,Specialists,1.0555555555555556
Garraf_HP,Resource,Generalists,2.280952380952381
Garraf_PP,Consumer,Specialists,1.5251068376068375
Garraf_PP,Consumer,Generalists,3.412085137085137
Garraf_PP,Resource,Specialists,1.1277777777777778
Garraf_PP,Resource,Generalists,1.9016502887263873
Garraf_PP2,Consumer,Specialists,3.336452910233399
Garraf_PP2,Consumer,Generalists,4.919332293728909
Garraf_PP2,Resource,Specialists,2.738231363691722
Garraf_PP2,Resource,Generalists,4.489786847573198
Olot,Consumer,Specialists,3.0833333333333335
Olot,Consumer,Generalists,2.6273684210526316
Olot,Resource,Specialists,1.2536231884057971
Olot,Resource,Generalists,3.5802083333333337
Montseny,Consumer,Specialists,1.434335372882859
Montseny,Consumer,Generalists,2.817934635788093
Montseny,Resource,Specialists,1.035480966402019
Montseny,Resource,Generalists,1.972552316785315
