dataset,group,support
Quercus,Specialists,2.4031023550724635
Quercus,Generalists,3.862644022644022
Nahuel,Specialists,1.7444444444444445
Nahuel,Generalists,2.4790747955747956
Salix_Galpar,Specialists,2.019695585799482
Salix_Galpar,Generalists,3.8077729166635637
Gottin_HP,Specialists,3.062301587301587
Gottin_HP,Generalists,3.844865253793825
Gottin_PP,Specialists,1.520622367301684
Gottin_PP,Generalists,2.933956394179737
Garraf_HP,Specialists,1.2346743295019158
Garraf_HP,Generalists,2.1765873015873014
Garraf_PP,Specialists,1.3264423076923078
Garraf_PP,Generalists,2.656867712905762
Garraf_PP2,Specialists,3.03734213696256
Garraf_PP2,Generalists,4.704559570651053
Olot,Specialists,2.1684782608695654
Olot,Generalists,3.1037883771929824
Montseny,Specialists,1.234908169642439
Montseny,Generalists,2.395243476286704
