file,sha256
Garraf_HP_cooccurrences.csv,38c9642ce6b5b8fbd589ae86ca1bf61d3ce79b9b95ce6dca7cd3068b617aa04b
Garraf_HP_interactions.csv,76f799eb70eb47a502780043b0f00e75cb51df6fe7fa61d3172385e340ed2933
Garraf_HP_occupancy.csv,c442f8817016f091d65bb3c072095f10ff959353f2ce22945c47aa2a34ee3a8e
Garraf_PP2_cooccurrences.csv,4a687c4741ad09cf3655d4daf26158a1ab09bab19845763276a1b6c63eb171e1
Garraf_PP2_interactions.csv,ff08eb74835bac3a5d441439e9766b60f155b8884f1f7d9322d0c4f823c749c9
Garraf_PP2_occupancy.csv,0b0b507ee5455b295e66b44db2cab802b7f3bd7292a8b6d91e7b3e9172767f31
Garraf_PP_cooccurrences.csv,07971a1fa5454c6e157f16219cc979eb5a91bfe9706cae4b78df44b386ea8ac1
Garraf_PP_interactions.csv,fae03577514e3af7b5910b4f02f6a9a40c12614fc30001f59991c02bd0fedda2
Garraf_PP_occupancy.csv,0f4ae7af018b7d77fafd1bba5ada6153da7227a591a5e287a2b09162f02a0ded
Gottin_HP_cooccurrences.csv,4c1532aba97aaab4bb124dcdc3c60c33a3272b8382659c819a7dbaf7e1273b22
Gottin_HP_interactions.csv,470b0698a9bb848074fb5c388e4e7447ef76930635bf0fb3045c46756eb6096b
Gottin_HP_occupancy.csv,52cd2f4508044df3f3729c1bb08a5b7bccd2aa5ff18946870fb98b64466062af
Gottin_PP_cooccurrences.csv,f691892c36328637f172d7a3a63dffd2188e163bc761de3b41878baedf00cc78
Gottin_PP_interactions.csv,99e9e6445556fd882d1f1cefeb866d5e02cc79724d807f16570d2114ce99660b
Gottin_PP_occupancy.csv,f4fd15e7c4199943bba22ee1934debe08369eb85b10153c494adbf985bdae31a
Montseny_cooccurrences.csv,3977a9ce3c11262b91345f419ea55f5cab3fd6b770c330c190bdfe6f1c70002f
Montseny_interactions.csv,9ad6959685e125b78b606cf8dc3d47856b8525a8c760e6218435c5220cd52204
Montseny_occupancy.csv,26c84ef6a4244253fe59adc43f805d862bf5d85f43357d46a596651b513e8555
Nahuel_cooccurrences.csv,d565003efc9c632a6098844d3cc4b5aa56fe7c8d237fb451ff48a73bc456027a
Nahuel_interactions.csv,3357335bb40cf690a334a551987b7ac8326e1b55f1a4a8b5d7d0619c256abd78
Nahuel_occupancy.csv,03e66817256595c9b3d0248b2a1d15257b998ae62a516f275b209466a77f8dce
Olot_cooccurrences.csv,5f365b988b5b48cd93b174a416a7c335b7ca9dcbeacafde812cb2428ea45693e
Olot_interactions.csv,4d73e03e93eda9d498e60fcd8ab2bf67415c5d67c810587920c0f6e4405f7aea
Olot_occupancy.csv,e2f618caf903b62c7da7ac3e11c5f316e663f54eee6448c5bc357eef7c49242a
Quercus_cooccurrences.csv,ff2a43d59798b03741a0152b6365f90b65a4bbacbbc47f10e16d9f91a382cce8
Quercus_interactions.csv,4689146afa4d5b54fa2618a47e047ebfd0e7b7d1b094ebe4967c9ee9f57bfd0e
Quercus_occupancy.csv,4b4e90dd08cfc093cd114b3aa994ec776a5abbf3153882d85eeb07ed6202c1cc
Salix_Galpar_cooccurrences.csv,bd9af668bfce503790a0374cc996c519c26aca7c731b6cc6f7665aec3c126b0c
Salix_Galpar_interactions.csv,f6a7b1b8d2c45ecb21b92c2547dc0653dc6706939ae07bdc9cb27a05620bf8c3
Salix_Galpar_occupancy.csv,c801ad2d28e317ad9d11737ae9d72aa2558d42b7b74298fd84398bf3f6ad39d5
