"site","consumer","resource"
"1","Aaet","AcalS"
"1","Aars","AcurS"
"1","Euro","AcurS"
"1","Euro","AquaA"
"1","Mfas","AcalS"
"1","Mxan","AcalS"
"1","Mxan","AglaS"
"1","Mxan","AquaA"
"1","Tfla","NqueS"
"1","Tger","AcurS"
"1","Omit","Amit"
"1","Cdia","Teke"
"1","Clyn.","Teke"
"1","Plon","Teke"
"1","Ceur","Ppyg"
"1","Ctri","Ppyg"
"1","Cnau","Tdod"
"1","Cnau","Teke"
"200","Aars","AcurS"
"200","Mfas","ClonA"
"200","Syn1","ClonA"
"200","Syn2","AcurS"
"200","Syn3","ClonA"
"200","Aspci","Ealb"
"200","Scat","Ppyg"
"200","Cdia","Ealb"
"200","Clyn.","Phy"
"200","Plon","Teke"
"200","Cnau","Teke"
"536","Aars","NqueS"
"536","Bapa","NqueS"
"536","Euro","AcurS"
"536","Mfas","ClonA"
"536","Mfas","NantA"
"536","Mfas","NqueS"
"536","Taur","AcurS"
"536","Tger","AcurS"
"536","Tger","ClonA"
"536","Tger","NqueS"
"536","Mtho","Amit"
"536","Omit","Amit"
"536","Cdia","Phy"
"536","Clyn.","Ealb"
"536","Clyn.","Phy"
"536","Nchl","Ealb"
"536","Sgor","Amit"
"536","Cnau","Tdod"
"536","Cnau","Teke"
"649","Aaet","ClonA"
"649","Aars","AcurS"
"649","Aars","NqueS"
"649","Aski","AquaA"
"649","Euro","AcurS"
"649","Euro","ClonA"
"649","Mfas","AcalS"
"649","Mxan","ClonA"
"649","Opom","NqueS"
"649","Syn2","AquaA"
"649","Syn2","ClonA"
"649","Syn2","NqueS"
"649","Tceno","NqueS"
"649","Tfla","AquaA"
"649","Tfla","NqueS"
"649","Tger","ClonA"
"649","Omit","Amit"
"649","Cdia","Ealb"
"649","Cdia","Phy"
"649","Cdia","Teke"
"649","Clyn.","Phy"
"649","Ctri","Ppyg"
"649","Nchl","Ealb"
"649","Plon","Teke"
"649","Cnau","Teke"
"654","Aaet","AcalS"
"654","Aaet","AglaS"
"654","Aaet","NqueS"
"654","Aars","AquaA"
"654","Aars","NqueS"
"654","Aski","AquaA"
"654","Aski","NqueS"
"654","Bapa","NqueS"
"654","Euro","AcalS"
"654","Euro","NqueS"
"654","Mfas","ClonA"
"654","Mfas","NqueS"
"654","Mxan","AcalS"
"654","Mxan","AglaS"
"654","Mxan","AquaA"
"654","Mxan","NqueS"
"654","Opom","NqueS"
"654","Syn","AcalS"
"654","Syn","AquaA"
"654","Syn","AqueS"
"654","Syn","NqueS"
"654","Taur","NqueS"
"654","Tfla","AquaA"
"654","Tfla","NqueS"
"654","Tger","ClonA"
"654","Tger","NqueS"
"654","Cdia","Ealb"
"654","Cdia","Teke"
"654","Clyn.","NqueS"
"654","Clyn.","Phy"
"654","Ceur","Ppyg"
"654","Cnau","Teke"
"654","Pagr","Teke"
"654","Plon","Teke"
"654","Sser","Phy"
"654","Scam","Teke"
"690","Aaet","Phy"
"690","Mfas","Clon asex"
"690","Syn1","Clon asex"
"690","Cdia","Phy"
"690","Clyn.","Phy"
"690","Plon","Phy"
"690","Sgor","Phy"
"690","Cnau","Teke"
"714","Mdub","AcurS"
"714","Mfas","AcurS"
"714","Mxan","AcurS"
"714","Abut","Phy"
"714","Cpic","Phy"
"714","Clyn.","Phy"
"714","Clyn.","Teke"
"714","Cnau","Teke"
"714","Cpen","Ealb"
"714","Nchl","Ealb"
"714","Sser","Phy"
"726","Aaet","ClonA"
"726","Bapa","ClonA"
"726","Ebru","ClonA"
"726","Euro","ClonA"
"726","Mdub","ClonA"
"726","Mfas","AcurS"
"726","Mfas","ClonA"
"726","Mser","ClonA"
"726","Mxan","AquaA"
"726","Opom","ClonA"
"726","PteA","ClonA"
"726","Syn1","ClonA"
"726","Syn3","ClonA"
"726","Tcya","ClonA"
"726","Tger","ClonA"
"726","Clyn.","Phy"
"726","Plon","Teke"
"726","Psau","Phy"
"728","Aski","AquaA"
"728","Euro","NqueS"
"728","Syn1","ClonA"
"728","Tger","NantA"
"728","Cdia","Teke"
"728","Clyn.","Phy"
"728","Cnau","Teke"
"728","Cpen","Colfllu"
"728","Nchl","Ealb"
"728","Plon","Teke"
"729","Aski","AquaA"
"729","Mxan","AcalS"
"729","Mxan","AglaS"
"729","Tger","AcurS"
"729","Tger","AinfS"
"729","Abut","Phy"
"729","Omit","Amit"
"729","Cdia","Ealb"
"729","Cdia","Phy"
"729","Clyn.","Phy"
"729","Cnau","Teke"
"729","Nchl","Ealb"
"729","Sxan","Amit"
"729","Sxan","Calc"
"751","Aars","AcurS"
"751","Aars","NqueS"
"751","Aski","AquaA"
"751","Mdor","NqueS"
"751","Euro","AcurS"
"751","Mama","AcurS"
"751","Mdub","NqueS"
"751","Mfas","AcurS"
"751","Mfas","AglaS"
"751","Mxan","AcalS"
"751","Mxan","AcurS"
"751","Mxan","AglaS"
"751","Mser","NqueS"
"751","Syn2","AquaA"
"751","Syn2","NqueS"
"751","Trob","AquaA"
"751","Tfla","AcurS"
"751","Tfla","AquaA"
"751","Tfla","NqueS"
"751","Tger","AcurS"
"751","Tger","NqueS"
"751","Omit","Amit"
"751","Cdia","Ealb"
"751","Clyn.","Phy"
"751","Ceur","Ppyg"
"751","Cnau","Teke"
"751","Ctri","Ppyg"
"865","Aaet","AcalS"
"865","Aski","AquaA"
"865","Ebru","ClonA"
"865","Mfas","AglaS"
"865","Mfas","AquaA"
"865","Mfas","ClonA"
"865","Mxan","AcalS"
"865","Mxan","AglaS"
"865","Mxan","AquaA"
"865","Syn2","AcurS"
"865","Syn2","AquaA"
"865","Syn2","NqueS"
"865","Tfla","AquaA"
"865","Tger","ClonA"
"865","Cdia","Phy"
"865","Cdia","Teke"
"865","Clyn.","Phy"
"865","Cnau","Teke"
"865","Pagr","Teke"
"879","Mfas","AcurS"
"879","Syn2","AcurS"
"879","Syn2","NqueS"
"879","Abula","Phyhar"
"879","Cdia","Teke"
"879","Clyn.","Phyhar"
"879","Cnau","Teke"
"879","Plon","Teke"
"885","Syn2","AquaA"
"885","Tcya","AquaA"
"885","Tfla","AcurS"
"885","Tfla","AquaA"
"885","Tger","AcurS"
"885","Tger","AquaA"
"885","Brac5","Amit"
"885","Cdia","Ealb"
"885","Cdia","Teke"
"885","Clyn.","Phy"
"885","Nchl","Ealb"
"885","Sgor","Phy"
"888","Aaet","ClonA"
"888","Aski","AquaA"
"888","Ebru","ClonA"
"888","Euro","ClonA"
"888","Mdub","ClonA"
"888","Mfas","AcurS"
"888","Mfas","ClonA"
"888","Mxan","AglaS"
"888","Opom","ClonA"
"888","PteA","ClonA"
"888","Syn1","ClonA"
"888","Syn2","AinfS"
"888","Syn2","AquaA"
"888","Syn3","ClonA"
"888","Tcya","ClonA"
"888","TflaA","AquaA"
"888","TflaB","NqueA"
"888","Tger","ClonA"
"888","Trob","AquaA"
"888","Gpum","Sti"
"888","Brac5","Amit"
"888","Cdia","ClonA"
"888","Cdia","Ealb"
"888","Cdia","Sti"
"888","Cdia","Teke"
"888","Ceur","Ppyg"
"888","Cnau","Teke"
"888","Ctri","Ppyg"
"888","Nchl","Ealb"
"888","Sxan","Amit"
"992","Aars","AcurS"
"992","Aars","NqueA"
"992","Aars","NqueS"
"992","Bapa","NqueS"
"992","Mdub","NqueS"
"992","Mfas","ClonA"
"992","Mfas","NqueS"
"992","Mxan","AquaA"
"992","Opom","AcurS"
"992","Syn1","ClonA"
"992","Syn2","NqueS"
"992","Syn3","ClonA"
"992","Syn4","NqueA"
"992","Tcya","ClonA"
"992","Tcya","NqueS"
"992","TflaB","NqueA"
"992","Cdia","Teke"
"992","Clyn.","Phy"
"992","Ceur","Ppyg"
"992","Cnau","Tdod"
"992","Cnau","Teke"
"992","Nchl","Ealb"
"992","Plon","Teke"
"1405","Aars","AcurS"
"1405","Aski","AquaA"
"1405","Euro","AcurS"
"1405","Euro","AquaA"
"1405","Mfas","AcurS"
"1405","Mfas","ClonA"
"1405","Mxan","AglaS"
"1405","Opom","ClonA"
"1405","PteA","ClonA"
"1405","Syn1","ClonA"
"1405","Syn2","NqueS"
"1405","Syn3","ClonA"
"1405","Tcya","ClonA"
"1405","Tfla","NqueA"
"1405","Tger","AcurS"
"1405","Tger","ClonA"
"1405","Alat","Phy"
"1405","Cdia","Phy"
"1405","Clyn.","Phy"
"1405","Cnau","Tdod"
"1405","Cnau","Teke"
"1405","Nchl","Ealb"
"1405","Sser","Phy"
"1491","Aars","AcurS"
"1491","Aars","NqueA"
"1491","Aars","NqueS"
"1491","Aski","NqueS"
"1491","Euro","AcurS"
"1491","Euro","NqueS"
"1491","Mfas","NqueS"
"1491","PteA","NqueS"
"1491","Syn2","AcurS"
"1491","Syn2","NqueS"
"1491","Tfla","NqueS"
"1491","Tger","NqueS"
"1491","Plon","Teke"
"1491","Cdia","Teke"
"1491","Clyn.","Phy"
"1491","Cnau","Teke"
"1491","Ctri","Ppyg"
"1616","Aars","NqueS"
"1616","Mfas","AcurS"
"1616","Mfas","ClonA"
"1616","Mtib","AglaS"
"1616","Mxan","AcalS"
"1616","Opom","ClonA"
"1616","Syn1","ClonA"
"1616","Syn2","AcurS"
"1616","Syn2","AqueS"
"1616","Syn2","NqueS"
"1616","Syn3","ClonA"
"1616","Syn4","NqueA"
"1616","Tfla","AcurS"
"1616","Tfla","AinfS"
"1616","Tfla","AquaA"
"1616","Tfla","NqueS"
"1616","Tger","ClonA"
"1616","Tger","NqueS"
"1616","Abula","Phy"
"1616","Brac5","Amit"
"1616","Cdia","Phy"
"1616","Cdia","Teke"
"1616","Clyn.","Phy"
"1616","Cnau","Teke"
"1616","Ctri","Ppyg"
"1616","Nchl","Ealb"
"1616","Sser","Phy"
"1628","Aars","AcurS"
"1628","Aars","NqueS"
"1628","Euro","AcurS"
"1628","Mama","AcurS"
"1628","Mfas","AcurS"
"1628","Mfas","NqueS"
"1628","Mtar","AcurS"
"1628","Mxan","AcurS"
"1628","Mxan","AglaS"
"1628","Mxan","NqueS"
"1628","Opom","NqueS"
"1628","Syn","AcurS"
"1628","Syn","NqueS"
"1628","Tcya","AcurS"
"1628","Tfla","AcurS"
"1628","Tger","AcurS"
"1628","Tger","NqueS"
"1628","Tnot","AcurS"
"1628","Tscu","AcurS"
"1628","Abula","Phyhar"
"1628","Abula","Phyque"
"1628","Dmes","Col"
"1628","Cdia","Ealb"
"1628","Cdia","Phyhar"
"1628","Cdia","Phyque"
"1628","Cdia","Ppyg"
"1628","Ceur","Ppyg"
"1628","Cnau","Tdod"
"1628","Cnau","Teke"
"1628","Ctri","Ppyg"
"1628","Nchl","Ealb"
"1628","Sser","Phyhar"
"1648","Aars","AcurS"
"1648","Aars","NqueS"
"1648","Aski","NqueS"
"1648","Euro","AcurS"
"1648","Euro","AquaA"
"1648","Euro","NqueS"
"1648","Mdor","AinfS"
"1648","Mama","AcurS"
"1648","Mfas","AcurS"
"1648","Mxan","AglaS"
"1648","Mxan","AinfS"
"1648","Mxan","AquaA"
"1648","Mxan","NqueS"
"1648","Opom","AcurS"
"1648","Opom","AquaA"
"1648","PteA","ClonA"
"1648","Syn2","AquaA"
"1648","Syn2","NqueS"
"1648","Syn4","NqueA"
"1648","Tfla","NqueS"
"1648","Tger","AcurS"
"1648","Tger","NqueS"
"1648","Abut","Phy"
"1648","Scat","Ppyg"
"1648","Cdia","Ealb"
"1648","Clyn.","Phy"
"1648","Ceur","Ppyg"
"1648","Cnau","Teke"
"1648","Ctri","Ppyg"
"1648","Nchl","Ealb"
"1648","Sser","Phy"
"1648","Plon","Ealb"
"1798","Aars","AcurS"
"1798","Aars","NqueS"
"1798","Euro","AcurS"
"1798","Euro","NqueS"
"1798","Taur","NqueS"
"1798","Tfla","NqueS"
"1798","Omit","Amit"
"1798","Clyn.","Phy"
"1798","Cnau","Tdod"
"1798","Ctri","Ppyg"
