"site","species","trophic_level"
"1","Aaet","consumer"
"1","Aars","consumer"
"1","Euro","consumer"
"1","Mfas","consumer"
"1","Mxan","consumer"
"1","Tfla","consumer"
"1","Tger","consumer"
"1","Omit","consumer"
"1","Cdia","consumer"
"1","Clyn.","consumer"
"1","Plon","consumer"
"1","Ceur","consumer"
"1","Ctri","consumer"
"1","Cnau","consumer"
"1","AcalS","resource"
"1","AcurS","resource"
"1","AglaS","resource"
"1","AquaA","resource"
"1","NqueS","resource"
"1","Amit","resource"
"1","Ppyg","resource"
"1","Tdod","resource"
"1","Teke","resource"
"200","Aars","consumer"
"200","Mfas","consumer"
"200","Syn1","consumer"
"200","Syn2","consumer"
"200","Syn3","consumer"
"200","Aspci","consumer"
"200","Scat","consumer"
"200","Cdia","consumer"
"200","Clyn.","consumer"
"200","Plon","consumer"
"200","Cnau","consumer"
"200","AcurS","resource"
"200","ClonA","resource"
"200","Ealb","resource"
"200","Phy","resource"
"200","Ppyg","resource"
"200","Teke","resource"
"536","Aars","consumer"
"536","Bapa","consumer"
"536","Euro","consumer"
"536","Mfas","consumer"
"536","Taur","consumer"
"536","Tger","consumer"
"536","Mtho","consumer"
"536","Omit","consumer"
"536","Cdia","consumer"
"536","Clyn.","consumer"
"536","Nchl","consumer"
"536","Sgor","consumer"
"536","Cnau","consumer"
"536","AcurS","resource"
"536","ClonA","resource"
"536","NantA","resource"
"536","NqueS","resource"
"536","Amit","resource"
"536","Ealb","resource"
"536","Phy","resource"
"536","Tdod","resource"
"536","Teke","resource"
"649","Aaet","consumer"
"649","Aars","consumer"
"649","Aski","consumer"
"649","Euro","consumer"
"649","Mfas","consumer"
"649","Mxan","consumer"
"649","Opom","consumer"
"649","Syn2","consumer"
"649","Tceno","consumer"
"649","Tfla","consumer"
"649","Tger","consumer"
"649","Omit","consumer"
"649","Cdia","consumer"
"649","Clyn.","consumer"
"649","Ctri","consumer"
"649","Nchl","consumer"
"649","Plon","consumer"
"649","Cnau","consumer"
"649","AcalS","resource"
"649","AcurS","resource"
"649","AquaA","resource"
"649","ClonA","resource"
"649","NqueS","resource"
"649","Amit","resource"
"649","Ealb","resource"
"649","Phy","resource"
"649","Ppyg","resource"
"649","Teke","resource"
"654","Aaet","consumer"
"654","Aars","consumer"
"654","Aski","consumer"
"654","Bapa","consumer"
"654","Euro","consumer"
"654","Mfas","consumer"
"654","Mxan","consumer"
"654","Opom","consumer"
"654","Syn","consumer"
"654","Taur","consumer"
"654","Tfla","consumer"
"654","Tger","consumer"
"654","Cdia","consumer"
"654","Clyn.","consumer"
"654","Ceur","consumer"
"654","Cnau","consumer"
"654","Pagr","consumer"
"654","Plon","consumer"
"654","Sser","consumer"
"654","Scam","consumer"
"654","AcalS","resource"
"654","AglaS","resource"
"654","AquaA","resource"
"654","AqueS","resource"
"654","ClonA","resource"
"654","NqueS","resource"
"654","Ealb","resource"
"654","Phy","resource"
"654","Ppyg","resource"
"654","Teke","resource"
"690","Aaet","consumer"
"690","Mfas","consumer"
"690","Syn1","consumer"
"690","Cdia","consumer"
"690","Clyn.","consumer"
"690","Plon","consumer"
"690","Sgor","consumer"
"690","Cnau","consumer"
"690","Clon asex","resource"
"690","Phy","resource"
"690","Teke","resource"
"714","Mdub","consumer"
"714","Mfas","consumer"
"714","Mxan","consumer"
"714","Abut","consumer"
"714","Cpic","consumer"
"714","Clyn.","consumer"
"714","Cnau","consumer"
"714","Cpen","consumer"
"714","Nchl","consumer"
"714","Sser","consumer"
"714","AcurS","resource"
"714","Ealb","resource"
"714","Phy","resource"
"714","Teke","resource"
"726","Aaet","consumer"
"726","Bapa","consumer"
"726","Ebru","consumer"
"726","Euro","consumer"
"726","Mdub","consumer"
"726","Mfas","consumer"
"726","Mser","consumer"
"726","Mxan","consumer"
"726","Opom","consumer"
"726","PteA","consumer"
"726","Syn1","consumer"
"726","Syn3","consumer"
"726","Tcya","consumer"
"726","Tger","consumer"
"726","Clyn.","consumer"
"726","Plon","consumer"
"726","Psau","consumer"
"726","AcurS","resource"
"726","AquaA","resource"
"726","ClonA","resource"
"726","Phy","resource"
"726","Teke","resource"
"728","Aski","consumer"
"728","Euro","consumer"
"728","Syn1","consumer"
"728","Tger","consumer"
"728","Cdia","consumer"
"728","Clyn.","consumer"
"728","Cnau","consumer"
"728","Cpen","consumer"
"728","Nchl","consumer"
"728","Plon","consumer"
"728","AquaA","resource"
"728","ClonA","resource"
"728","NantA","resource"
"728","NqueS","resource"
"728","Colfllu","resource"
"728","Ealb","resource"
"728","Phy","resource"
"728","Teke","resource"
"729","Aski","consumer"
"729","Mxan","consumer"
"729","Tger","consumer"
"729","Abut","consumer"
"729","Omit","consumer"
"729","Cdia","consumer"
"729","Clyn.","consumer"
"729","Cnau","consumer"
"729","Nchl","consumer"
"729","Sxan","consumer"
"729","AcalS","resource"
"729","AcurS","resource"
"729","AglaS","resource"
"729","AinfS","resource"
"729","AquaA","resource"
"729","Amit","resource"
"729","Calc","resource"
"729","Ealb","resource"
"729","Phy","resource"
"729","Teke","resource"
"751","Aars","consumer"
"751","Aski","consumer"
"751","Mdor","consumer"
"751","Euro","consumer"
"751","Mama","consumer"
"751","Mdub","consumer"
"751","Mfas","consumer"
"751","Mxan","consumer"
"751","Mser","consumer"
"751","Syn2","consumer"
"751","Trob","consumer"
"751","Tfla","consumer"
"751","Tger","consumer"
"751","Omit","consumer"
"751","Cdia","consumer"
"751","Clyn.","consumer"
"751","Ceur","consumer"
"751","Cnau","consumer"
"751","Ctri","consumer"
"751","AcalS","resource"
"751","AcurS","resource"
"751","AglaS","resource"
"751","AquaA","resource"
"751","NqueS","resource"
"751","Amit","resource"
"751","Ealb","resource"
"751","Phy","resource"
"751","Ppyg","resource"
"751","Teke","resource"
"865","Aaet","consumer"
"865","Aski","consumer"
"865","Ebru","consumer"
"865","Mfas","consumer"
"865","Mxan","consumer"
"865","Syn2","consumer"
"865","Tfla","consumer"
"865","Tger","consumer"
"865","Cdia","consumer"
"865","Clyn.","consumer"
"865","Cnau","consumer"
"865","Pagr","consumer"
"865","AcalS","resource"
"865","AcurS","resource"
"865","AglaS","resource"
"865","AquaA","resource"
"865","ClonA","resource"
"865","NqueS","resource"
"865","Phy","resource"
"865","Teke","resource"
"879","Mfas","consumer"
"879","Syn2","consumer"
"879","Abula","consumer"
"879","Cdia","consumer"
"879","Clyn.","consumer"
"879","Cnau","consumer"
"879","Plon","consumer"
"879","AcurS","resource"
"879","NqueS","resource"
"879","Phyhar","resource"
"879","Teke","resource"
"885","Syn2","consumer"
"885","Tcya","consumer"
"885","Tfla","consumer"
"885","Tger","consumer"
"885","Brac5","consumer"
"885","Cdia","consumer"
"885","Clyn.","consumer"
"885","Nchl","consumer"
"885","Sgor","consumer"
"885","AcurS","resource"
"885","AquaA","resource"
"885","Amit","resource"
"885","Ealb","resource"
"885","Phy","resource"
"885","Teke","resource"
"888","Aaet","consumer"
"888","Aski","consumer"
"888","Ebru","consumer"
"888","Euro","consumer"
"888","Mdub","consumer"
"888","Mfas","consumer"
"888","Mxan","consumer"
"888","Opom","consumer"
"888","PteA","consumer"
"888","Syn1","consumer"
"888","Syn2","consumer"
"888","Syn3","consumer"
"888","Tcya","consumer"
"888","TflaA","consumer"
"888","TflaB","consumer"
"888","Tger","consumer"
"888","Trob","consumer"
"888","Gpum","consumer"
"888","Brac5","consumer"
"888","Cdia","consumer"
"888","Ceur","consumer"
"888","Cnau","consumer"
"888","Ctri","consumer"
"888","Nchl","consumer"
"888","Sxan","consumer"
"888","AcurS","resource"
"888","AglaS","resource"
"888","AinfS","resource"
"888","AquaA","resource"
"888","ClonA","resource"
"888","NqueA","resource"
"888","Amit","resource"
"888","Ealb","resource"
"888","Ppyg","resource"
"888","Sti","resource"
"888","Teke","resource"
"992","Aars","consumer"
"992","Bapa","consumer"
"992","Mdub","consumer"
"992","Mfas","consumer"
"992","Mxan","consumer"
"992","Opom","consumer"
"992","Syn1","consumer"
"992","Syn2","consumer"
"992","Syn3","consumer"
"992","Syn4","consumer"
"992","Tcya","consumer"
"992","TflaB","consumer"
"992","Cdia","consumer"
"992","Clyn.","consumer"
"992","Ceur","consumer"
"992","Cnau","consumer"
"992","Nchl","consumer"
"992","Plon","consumer"
"992","AcurS","resource"
"992","AquaA","resource"
"992","ClonA","resource"
"992","NqueA","resource"
"992","NqueS","resource"
"992","Ealb","resource"
"992","Phy","resource"
"992","Ppyg","resource"
"992","Tdod","resource"
"992","Teke","resource"
"1405","Aars","consumer"
"1405","Aski","consumer"
"1405","Euro","consumer"
"1405","Mfas","consumer"
"1405","Mxan","consumer"
"1405","Opom","consumer"
"1405","PteA","consumer"
"1405","Syn1","consumer"
"1405","Syn2","consumer"
"1405","Syn3","consumer"
"1405","Tcya","consumer"
"1405","Tfla","consumer"
"1405","Tger","consumer"
"1405","Alat","consumer"
"1405","Cdia","consumer"
"1405","Clyn.","consumer"
"1405","Cnau","consumer"
"1405","Nchl","consumer"
"1405","Sser","consumer"
"1405","AcurS","resource"
"1405","AglaS","resource"
"1405","AquaA","resource"
"1405","ClonA","resource"
"1405","NqueA","resource"
"1405","NqueS","resource"
"1405","Ealb","resource"
"1405","Phy","resource"
"1405","Tdod","resource"
"1405","Teke","resource"
"1491","Aars","consumer"
"1491","Aski","consumer"
"1491","Euro","consumer"
"1491","Mfas","consumer"
"1491","PteA","consumer"
"1491","Syn2","consumer"
"1491","Tfla","consumer"
"1491","Tger","consumer"
"1491","Plon","consumer"
"1491","Cdia","consumer"
"1491","Clyn.","consumer"
"1491","Cnau","consumer"
"1491","Ctri","consumer"
"1491","AcurS","resource"
"1491","NqueA","resource"
"1491","NqueS","resource"
"1491","Phy","resource"
"1491","Ppyg","resource"
"1491","Teke","resource"
"1616","Aars","consumer"
"1616","Mfas","consumer"
"1616","Mtib","consumer"
"1616","Mxan","consumer"
"1616","Opom","consumer"
"1616","Syn1","consumer"
"1616","Syn2","consumer"
"1616","Syn3","consumer"
"1616","Syn4","consumer"
"1616","Tfla","consumer"
"1616","Tger","consumer"
"1616","Abula","consumer"
"1616","Brac5","consumer"
"1616","Cdia","consumer"
"1616","Clyn.","consumer"
"1616","Cnau","consumer"
"1616","Ctri","consumer"
"1616","Nchl","consumer"
"1616","Sser","consumer"
"1616","AcalS","resource"
"1616","AcurS","resource"
"1616","AglaS","resource"
"1616","AinfS","resource"
"1616","AquaA","resource"
"1616","AqueS","resource"
"1616","ClonA","resource"
"1616","NqueA","resource"
"1616","NqueS","resource"
"1616","Amit","resource"
"1616","Ealb","resource"
"1616","Phy","resource"
"1616","Ppyg","resource"
"1616","Teke","resource"
"1628","Aars","consumer"
"1628","Euro","consumer"
"1628","Mama","consumer"
"1628","Mfas","consumer"
"1628","Mtar","consumer"
"1628","Mxan","consumer"
"1628","Opom","consumer"
"1628","Syn","consumer"
"1628","Tcya","consumer"
"1628","Tfla","consumer"
"1628","Tger","consumer"
"1628","Tnot","consumer"
"1628","Tscu","consumer"
"1628","Abula","consumer"
"1628","Dmes","consumer"
"1628","Cdia","consumer"
"1628","Ceur","consumer"
"1628","Cnau","consumer"
"1628","Ctri","consumer"
"1628","Nchl","consumer"
"1628","Sser","consumer"
"1628","AcurS","resource"
"1628","AglaS","resource"
"1628","NqueS","resource"
"1628","Col","resource"
"1628","Ealb","resource"
"1628","Phyhar","resource"
"1628","Phyque","resource"
"1628","Ppyg","resource"
"1628","Tdod","resource"
"1628","Teke","resource"
"1648","Aars","consumer"
"1648","Aski","consumer"
"1648","Euro","consumer"
"1648","Mdor","consumer"
"1648","Mama","consumer"
"1648","Mfas","consumer"
"1648","Mxan","consumer"
"1648","Opom","consumer"
"1648","PteA","consumer"
"1648","Syn2","consumer"
"1648","Syn4","consumer"
"1648","Tfla","consumer"
"1648","Tger","consumer"
"1648","Abut","consumer"
"1648","Scat","consumer"
"1648","Cdia","consumer"
"1648","Clyn.","consumer"
"1648","Ceur","consumer"
"1648","Cnau","consumer"
"1648","Ctri","consumer"
"1648","Nchl","consumer"
"1648","Sser","consumer"
"1648","Plon","consumer"
"1648","AcurS","resource"
"1648","AglaS","resource"
"1648","AinfS","resource"
"1648","AquaA","resource"
"1648","ClonA","resource"
"1648","NqueA","resource"
"1648","NqueS","resource"
"1648","Ealb","resource"
"1648","Phy","resource"
"1648","Ppyg","resource"
"1648","Teke","resource"
"1798","Aars","consumer"
"1798","Euro","consumer"
"1798","Taur","consumer"
"1798","Tfla","consumer"
"1798","Omit","consumer"
"1798","Clyn.","consumer"
"1798","Cnau","consumer"
"1798","Ctri","consumer"
"1798","AcurS","resource"
"1798","NqueS","resource"
"1798","Amit","resource"
"1798","Phy","resource"
"1798","Ppyg","resource"
"1798","Tdod","resource"
